model,budget,n_subjects,balanced_accuracy,ci_low,ci_high,roc_auc,cohen_kappa
bandpower,10,15,0.6060515873015874,0.5453759920634921,0.6719454365079365,0.6592857142857143,0.21321501324760886
bandpower,5,15,0.5676984126984127,0.523313492063492,0.6158730158730158,0.6011507936507937,0.13518218840999408
bandpower,all,15,0.6373015873015874,0.5702380952380952,0.7069494047619044,0.6873015873015872,0.27581138194269494
channel_encoder,10,15,0.5224404761904763,0.48174553571428563,0.5650198412698412,0.5361111111111111,0.04480783849256514
channel_encoder,5,15,0.5152777777777777,0.4882723214285714,0.5445441468253969,0.5292857142857142,0.03004090598642471
channel_encoder,all,15,0.5259920634920635,0.47380952380952385,0.5807539682539683,0.5325396825396825,0.051320129963622015
channel_encoder_unscaled,all,15,0.5204365079365079,0.46249999999999997,0.5763938492063488,0.551984126984127,0.041734846477809055
csp_lda,10,15,0.6271428571428571,0.5737088293650793,0.6817465277777778,0.7169841269841268,0.253773379794389
csp_lda,5,15,0.5952579365079365,0.5547410714285714,0.6365084325396826,0.6748015873015871,0.19016997517287423
csp_lda,all,15,0.6630952380952381,0.6001984126984128,0.7257936507936509,0.763095238095238,0.32602342106475735
majority,10,15,0.5,0.5,0.5,0.5,0.0
majority,5,15,0.5,0.5,0.5,0.5,0.0
majority,all,15,0.5,0.5,0.5,0.5,0.0
pretrained_encoder,10,15,0.524265873015873,0.48607093253968264,0.5624216269841269,0.5351587301587302,0.04807055023497734
pretrained_encoder,5,15,0.5113293650793651,0.48573412698412705,0.5380957341269841,0.5232142857142857,0.0222783198017659
pretrained_encoder,all,15,0.5200396825396825,0.460515873015873,0.5753968253968254,0.5373015873015873,0.03986148084462214
pretrained_encoder_unscaled,all,15,0.5220238095238096,0.4642857142857143,0.5779761904761905,0.5373015873015874,0.044409533710943666
random_encoder,10,15,0.5196230158730158,0.47654761904761905,0.5639285714285713,0.5348412698412697,0.03909915587753575
random_encoder,5,15,0.5206746031746031,0.4881344246031745,0.556686507936508,0.5258730158730158,0.04112817528367989
random_encoder,all,15,0.4998015873015873,0.44226190476190474,0.5537698412698414,0.5353174603174602,-0.0010406400691923307
random_encoder_unscaled,all,15,0.5246031746031746,0.4837301587301587,0.5636904761904762,0.5464285714285714,0.0499238345588021
stft_flat,10,15,0.5308928571428572,0.4913487103174603,0.5749012896825397,0.5588095238095239,0.062155661867576775
stft_flat,5,15,0.5210119047619047,0.49357093253968254,0.5503179563492064,0.5417857142857143,0.041706552579190634
stft_flat,all,15,0.5277777777777778,0.48412698412698413,0.5732142857142857,0.569047619047619,0.056455820758232876
tokens_flat,10,15,0.5705555555555556,0.5221418650793652,0.621707837301587,0.6120238095238094,0.14269266160122196
tokens_flat,5,15,0.5456150793650794,0.5120823412698413,0.5807346230158732,0.5733333333333335,0.0915514193977824
tokens_flat,all,15,0.5942460317460319,0.5317460317460317,0.6545634920634921,0.6448412698412699,0.19019151403505008
