model,budget,reference,reference_budget,delta,ci_low,ci_high,n_subjects,wins,ties
bandpower,10,csp_lda,10,-0.02109126984126985,-0.06248015873015875,0.023214285714285687,15,7,0
bandpower,10,random_encoder,10,0.08642857142857144,0.009323908730158734,0.1660922619047618,15,12,0
bandpower,10,tokens_flat,10,0.035496031746031755,-0.010079861111111114,0.07968353174603164,15,12,0
bandpower,5,csp_lda,5,-0.027559523809523825,-0.05920634920634922,0.005595238095238112,15,4,0
bandpower,5,random_encoder,5,0.047023809523809516,-0.010238591269841281,0.10188640873015861,15,12,0
bandpower,5,tokens_flat,5,0.02208333333333332,-0.013789682539682546,0.053790178571428524,15,12,0
bandpower,all,csp_lda,all,-0.025793650793650782,-0.09861111111111112,0.0503968253968254,15,6,0
bandpower,all,random_encoder,all,0.13750000000000004,0.044642857142857185,0.23770337301587263,15,11,1
bandpower,all,tokens_flat,all,0.043055555555555576,-0.012499999999999992,0.10297619047619046,15,11,0
channel_encoder,10,csp_lda,10,-0.10470238095238092,-0.16718402777777774,-0.04505902777777779,15,4,0
channel_encoder,10,csp_lda,all,-0.1406547619047619,-0.2129375,-0.06723809523809555,15,4,0
channel_encoder,10,random_encoder,10,0.0028174603174603483,-0.016071428571428535,0.020536210317460352,15,8,0
channel_encoder,10,tokens_flat,10,-0.04811507936507933,-0.0943849206349206,-0.005614583333333327,15,4,0
channel_encoder,5,csp_lda,5,-0.07998015873015876,-0.12494097222222222,-0.034938988095238245,15,5,0
channel_encoder,5,csp_lda,all,-0.14781746031746032,-0.21521924603174605,-0.08114781746031771,15,3,0
channel_encoder,5,random_encoder,5,-0.005396825396825411,-0.0202777777777778,0.010635416666666635,15,7,0
channel_encoder,5,tokens_flat,5,-0.03033730158730161,-0.05936557539682544,-0.0022812500000000398,15,6,0
channel_encoder,all,channel_encoder_unscaled,all,0.005555555555555554,-0.031547619047619026,0.04146825396825396,15,8,0
channel_encoder,all,csp_lda,all,-0.13710317460317462,-0.21130952380952378,-0.05992063492063493,15,4,0
channel_encoder,all,random_encoder,all,0.026190476190476188,-0.006944444444444428,0.057341269841269846,15,10,0
channel_encoder,all,tokens_flat,all,-0.06825396825396828,-0.13630952380952385,-0.00019841269841270503,15,5,0
csp_lda,10,random_encoder,10,0.1075198412698413,0.04436309523809526,0.171984623015873,15,11,0
csp_lda,10,tokens_flat,10,0.05658730158730161,0.014246031746031762,0.09781795634920633,15,10,0
csp_lda,5,random_encoder,5,0.07458333333333335,0.026864087301587302,0.12121031746031749,15,12,0
csp_lda,5,tokens_flat,5,0.049642857142857134,0.020634424603174592,0.07819494047619045,15,11,0
csp_lda,all,random_encoder,all,0.16329365079365082,0.08472222222222227,0.23968253968253977,15,12,0
csp_lda,all,tokens_flat,all,0.06884920634920635,0.004365079365079368,0.13095734126984088,15,10,0
majority,10,csp_lda,10,-0.12714285714285717,-0.18174652777777783,-0.07370882936507951,15,2,0
majority,10,random_encoder,10,-0.01962301587301586,-0.0639285714285714,0.02345238095238095,15,8,0
majority,10,tokens_flat,10,-0.07055555555555554,-0.12170783730158732,-0.022141865079365164,15,3,0
majority,5,csp_lda,5,-0.09525793650793653,-0.13650843253968256,-0.05474107142857153,15,2,0
majority,5,random_encoder,5,-0.020674603174603182,-0.05668650793650794,0.01186557539682536,15,9,0
majority,5,tokens_flat,5,-0.04561507936507937,-0.08073462301587306,-0.012082341269841364,15,6,0
majority,all,csp_lda,all,-0.1630952380952381,-0.2257936507936508,-0.10019841269841272,15,1,1
majority,all,random_encoder,all,0.0001984126984127051,-0.05376984126984128,0.05773809523809524,15,7,0
majority,all,tokens_flat,all,-0.09424603174603176,-0.15456349206349207,-0.03174603174603175,15,2,0
pretrained_encoder,10,csp_lda,10,-0.10287698412698412,-0.16178621031746032,-0.04451984126984164,15,4,0
pretrained_encoder,10,csp_lda,all,-0.13882936507936508,-0.20833333333333334,-0.06817410714285722,15,2,1
pretrained_encoder,10,random_encoder,10,0.004642857142857163,-0.008611111111111073,0.018254464285714266,15,7,0
pretrained_encoder,10,tokens_flat,10,-0.046289682539682526,-0.08769890873015873,-0.006328869047619087,15,6,0
pretrained_encoder,5,csp_lda,5,-0.08392857142857144,-0.1273020833333334,-0.03874950396825402,15,5,0
pretrained_encoder,5,csp_lda,all,-0.15176587301587302,-0.21767906746031745,-0.08648759920634924,15,2,0
pretrained_encoder,5,random_encoder,5,-0.009345238095238106,-0.024424603174603193,0.005595238095238079,15,5,0
pretrained_encoder,5,tokens_flat,5,-0.0342857142857143,-0.06091269841269842,-0.009186507936507934,15,5,0
pretrained_encoder,all,csp_lda,all,-0.14305555555555555,-0.22222222222222224,-0.06031250000000042,15,3,0
pretrained_encoder,all,pretrained_encoder_unscaled,all,-0.001984126984126966,-0.03650793650793648,0.030357142857142864,15,8,0
pretrained_encoder,all,random_encoder,all,0.020238095238095253,-0.010714285714285695,0.0511904761904762,15,10,0
pretrained_encoder,all,tokens_flat,all,-0.0742063492063492,-0.1369047619047619,-0.012301587301587313,15,6,0
random_encoder,10,csp_lda,10,-0.1075198412698413,-0.17198462301587306,-0.044363095238095424,15,4,0
random_encoder,10,csp_lda,all,-0.14347222222222225,-0.21757986111111113,-0.07045535714285728,15,3,0
random_encoder,10,tokens_flat,10,-0.05093253968253968,-0.09680555555555553,-0.007558531746031825,15,5,0
random_encoder,5,csp_lda,5,-0.07458333333333335,-0.12121031746031749,-0.02686408730158739,15,3,0
random_encoder,5,csp_lda,all,-0.14242063492063492,-0.2112108134920635,-0.07688442460317464,15,2,0
random_encoder,5,tokens_flat,5,-0.024940476190476197,-0.05446428571428572,0.002698412698412697,15,6,0
random_encoder,all,csp_lda,all,-0.16329365079365082,-0.23968253968253977,-0.08472222222222227,15,3,0
random_encoder,all,random_encoder_unscaled,all,-0.0248015873015873,-0.05178571428571432,1.8688754247840646e-17,15,6,0
random_encoder,all,tokens_flat,all,-0.09444444444444447,-0.16706349206349216,-0.02936011904761945,15,5,0
stft_flat,10,csp_lda,10,-0.09625,-0.147421626984127,-0.04892807539682547,15,2,0
stft_flat,10,random_encoder,10,0.011269841269841279,-0.023452876984126996,0.04607192460317461,15,8,0
stft_flat,10,tokens_flat,10,-0.039662698412698406,-0.07617113095238097,-0.00392857142857143,15,4,0
stft_flat,5,csp_lda,5,-0.07424603174603174,-0.1088298611111111,-0.0408923611111111,15,2,0
stft_flat,5,random_encoder,5,0.0003373015873016083,-0.027738591269841274,0.026527777777777803,15,7,0
stft_flat,5,tokens_flat,5,-0.02460317460317459,-0.04789732142857146,-0.001507936507936495,15,4,0
stft_flat,all,csp_lda,all,-0.1353174603174603,-0.19405257936507936,-0.07658730158730155,15,1,0
stft_flat,all,random_encoder,all,0.027976190476190498,-0.012301587301587273,0.07003968253968257,15,10,0
stft_flat,all,tokens_flat,all,-0.06646825396825397,-0.13175099206349206,-0.007936507936507905,15,4,0
tokens_flat,10,csp_lda,10,-0.05658730158730161,-0.09781795634920637,-0.014246031746031762,15,5,0
tokens_flat,10,random_encoder,10,0.05093253968253968,0.00755853174603174,0.09680555555555553,15,10,0
tokens_flat,5,csp_lda,5,-0.049642857142857134,-0.0781949404761905,-0.020634424603174637,15,4,0
tokens_flat,5,random_encoder,5,0.024940476190476197,-0.002698412698412697,0.05446428571428572,15,9,0
tokens_flat,all,csp_lda,all,-0.06884920634920635,-0.1309573412698413,-0.004365079365079368,15,5,0
tokens_flat,all,random_encoder,all,0.09444444444444447,0.02936011904761902,0.16706349206349216,15,10,0
