subject,model,budget,reference,reference_budget,delta
46,majority,5,random_encoder,5,0.023809523809523725
47,majority,5,random_encoder,5,-0.060416666666666674
48,majority,5,random_encoder,5,0.03452380952380957
49,majority,5,random_encoder,5,0.044345238095238104
50,majority,5,random_encoder,5,-0.07767857142857137
51,majority,5,random_encoder,5,0.01785714285714285
52,majority,5,random_encoder,5,-0.14434523809523814
53,majority,5,random_encoder,5,-0.023809523809523836
54,majority,5,random_encoder,5,-0.14464285714285718
55,majority,5,random_encoder,5,-0.11815476190476193
56,majority,5,random_encoder,5,0.04404761904761906
57,majority,5,random_encoder,5,0.023214285714285687
58,majority,5,random_encoder,5,0.008035714285714313
59,majority,5,random_encoder,5,0.045238095238095244
60,majority,5,random_encoder,5,0.01785714285714285
46,majority,5,tokens_flat,5,0.014880952380952384
47,majority,5,tokens_flat,5,-0.05297619047619051
48,majority,5,tokens_flat,5,-0.055059523809523836
49,majority,5,tokens_flat,5,0.026190476190476153
50,majority,5,tokens_flat,5,-0.06011904761904763
51,majority,5,tokens_flat,5,0.036011904761904745
52,majority,5,tokens_flat,5,-0.07410714285714282
53,majority,5,tokens_flat,5,-0.11398809523809528
54,majority,5,tokens_flat,5,-0.18779761904761916
55,majority,5,tokens_flat,5,-0.11071428571428577
56,majority,5,tokens_flat,5,-0.10357142857142854
57,majority,5,tokens_flat,5,0.044345238095238104
58,majority,5,tokens_flat,5,0.004761904761904745
59,majority,5,tokens_flat,5,0.03095238095238101
60,majority,5,tokens_flat,5,-0.08303571428571432
46,majority,5,csp_lda,5,-0.03125
47,majority,5,csp_lda,5,-0.002083333333333326
48,majority,5,csp_lda,5,-0.16428571428571426
49,majority,5,csp_lda,5,-0.07678571428571435
50,majority,5,csp_lda,5,-0.03898809523809532
51,majority,5,csp_lda,5,-0.12202380952380953
52,majority,5,csp_lda,5,-0.06726190476190474
53,majority,5,csp_lda,5,-0.22916666666666663
54,majority,5,csp_lda,5,-0.17529761904761898
55,majority,5,csp_lda,5,-0.20386904761904778
56,majority,5,csp_lda,5,-0.1779761904761905
57,majority,5,csp_lda,5,0.01964285714285713
58,majority,5,csp_lda,5,-0.02767857142857144
59,majority,5,csp_lda,5,0.017559523809523858
60,majority,5,csp_lda,5,-0.14940476190476193
46,bandpower,5,random_encoder,5,0.042857142857142705
47,bandpower,5,random_encoder,5,-0.08273809523809522
48,bandpower,5,random_encoder,5,0.130952380952381
49,bandpower,5,random_encoder,5,0.0889880952380952
50,bandpower,5,random_encoder,5,-0.13333333333333325
51,bandpower,5,random_encoder,5,0.0038690476190476053
52,bandpower,5,random_encoder,5,-0.16845238095238102
53,bandpower,5,random_encoder,5,0.14375000000000004
54,bandpower,5,random_encoder,5,0.11964285714285705
55,bandpower,5,random_encoder,5,0.004166666666666652
56,bandpower,5,random_encoder,5,0.2764880952380953
57,bandpower,5,random_encoder,5,0.037202380952380876
58,bandpower,5,random_encoder,5,0.03005952380952387
59,bandpower,5,random_encoder,5,0.10178571428571431
60,bandpower,5,random_encoder,5,0.11011904761904762
46,bandpower,5,tokens_flat,5,0.033928571428571364
47,bandpower,5,tokens_flat,5,-0.07529761904761906
48,bandpower,5,tokens_flat,5,0.04136904761904758
49,bandpower,5,tokens_flat,5,0.07083333333333325
50,bandpower,5,tokens_flat,5,-0.1157738095238095
51,bandpower,5,tokens_flat,5,0.0220238095238095
52,bandpower,5,tokens_flat,5,-0.0982142857142857
53,bandpower,5,tokens_flat,5,0.0535714285714286
54,bandpower,5,tokens_flat,5,0.07648809523809508
55,bandpower,5,tokens_flat,5,0.011607142857142816
56,bandpower,5,tokens_flat,5,0.12886904761904772
57,bandpower,5,tokens_flat,5,0.05833333333333329
58,bandpower,5,tokens_flat,5,0.0267857142857143
59,bandpower,5,tokens_flat,5,0.08750000000000008
60,bandpower,5,tokens_flat,5,0.009226190476190443
46,bandpower,5,csp_lda,5,-0.01220238095238102
47,bandpower,5,csp_lda,5,-0.024404761904761874
48,bandpower,5,csp_lda,5,-0.06785714285714284
49,bandpower,5,csp_lda,5,-0.03214285714285725
50,bandpower,5,csp_lda,5,-0.0946428571428572
51,bandpower,5,csp_lda,5,-0.13601190476190478
52,bandpower,5,csp_lda,5,-0.09136904761904763
53,bandpower,5,csp_lda,5,-0.06160714285714275
54,bandpower,5,csp_lda,5,0.08898809523809526
55,bandpower,5,csp_lda,5,-0.0815476190476192
56,bandpower,5,csp_lda,5,0.05446428571428574
57,bandpower,5,csp_lda,5,0.03363095238095232
58,bandpower,5,csp_lda,5,-0.005654761904761885
59,bandpower,5,csp_lda,5,0.07410714285714293
60,bandpower,5,csp_lda,5,-0.05714285714285716
46,csp_lda,5,random_encoder,5,0.055059523809523725
47,csp_lda,5,random_encoder,5,-0.05833333333333335
48,csp_lda,5,random_encoder,5,0.19880952380952382
49,csp_lda,5,random_encoder,5,0.12113095238095245
50,csp_lda,5,random_encoder,5,-0.03869047619047605
51,csp_lda,5,random_encoder,5,0.13988095238095238
52,csp_lda,5,random_encoder,5,-0.07708333333333339
53,csp_lda,5,random_encoder,5,0.2053571428571428
54,csp_lda,5,random_encoder,5,0.030654761904761796
55,csp_lda,5,random_encoder,5,0.08571428571428585
56,csp_lda,5,random_encoder,5,0.22202380952380957
57,csp_lda,5,random_encoder,5,0.0035714285714285587
58,csp_lda,5,random_encoder,5,0.035714285714285754
59,csp_lda,5,random_encoder,5,0.027678571428571386
60,csp_lda,5,random_encoder,5,0.16726190476190478
46,csp_lda,5,tokens_flat,5,0.046130952380952384
47,csp_lda,5,tokens_flat,5,-0.050892857142857184
48,csp_lda,5,tokens_flat,5,0.10922619047619042
49,csp_lda,5,tokens_flat,5,0.1029761904761905
50,csp_lda,5,tokens_flat,5,-0.021130952380952306
51,csp_lda,5,tokens_flat,5,0.15803571428571428
52,csp_lda,5,tokens_flat,5,-0.006845238095238071
53,csp_lda,5,tokens_flat,5,0.11517857142857135
54,csp_lda,5,tokens_flat,5,-0.012500000000000178
55,csp_lda,5,tokens_flat,5,0.09315476190476202
56,csp_lda,5,tokens_flat,5,0.07440476190476197
57,csp_lda,5,tokens_flat,5,0.024702380952380976
58,csp_lda,5,tokens_flat,5,0.032440476190476186
59,csp_lda,5,tokens_flat,5,0.01339285714285715
60,csp_lda,5,tokens_flat,5,0.0663690476190476
46,stft_flat,5,random_encoder,5,-0.02559523809523817
47,stft_flat,5,random_encoder,5,-0.03154761904761905
48,stft_flat,5,random_encoder,5,0.10119047619047633
49,stft_flat,5,random_encoder,5,0.0633928571428572
50,stft_flat,5,random_encoder,5,-0.027380952380952284
51,stft_flat,5,random_encoder,5,0.039880952380952406
52,stft_flat,5,random_encoder,5,-0.07767857142857137
53,stft_flat,5,random_encoder,5,0.05565476190476193
54,stft_flat,5,random_encoder,5,0.010119047619047583
55,stft_flat,5,random_encoder,5,-0.11071428571428577
56,stft_flat,5,random_encoder,5,0.03928571428571431
57,stft_flat,5,random_encoder,5,-0.009226190476190499
58,stft_flat,5,random_encoder,5,-0.014285714285714235
59,stft_flat,5,random_encoder,5,-0.03273809523809518
60,stft_flat,5,random_encoder,5,0.02470238095238092
46,stft_flat,5,tokens_flat,5,-0.03452380952380951
47,stft_flat,5,tokens_flat,5,-0.024107142857142883
48,stft_flat,5,tokens_flat,5,0.011607142857142927
49,stft_flat,5,tokens_flat,5,0.045238095238095244
50,stft_flat,5,tokens_flat,5,-0.009821428571428537
51,stft_flat,5,tokens_flat,5,0.0580357142857143
52,stft_flat,5,tokens_flat,5,-0.007440476190476053
53,stft_flat,5,tokens_flat,5,-0.03452380952380951
54,stft_flat,5,tokens_flat,5,-0.03303571428571439
55,stft_flat,5,tokens_flat,5,-0.1032738095238096
56,stft_flat,5,tokens_flat,5,-0.10833333333333328
57,stft_flat,5,tokens_flat,5,0.011904761904761918
58,stft_flat,5,tokens_flat,5,-0.017559523809523803
59,stft_flat,5,tokens_flat,5,-0.04702380952380941
60,stft_flat,5,tokens_flat,5,-0.07619047619047625
46,stft_flat,5,csp_lda,5,-0.0806547619047619
47,stft_flat,5,csp_lda,5,0.0267857142857143
48,stft_flat,5,csp_lda,5,-0.0976190476190475
49,stft_flat,5,csp_lda,5,-0.057738095238095255
50,stft_flat,5,csp_lda,5,0.01130952380952377
51,stft_flat,5,csp_lda,5,-0.09999999999999998
52,stft_flat,5,csp_lda,5,-0.0005952380952379821
53,stft_flat,5,csp_lda,5,-0.14970238095238086
54,stft_flat,5,csp_lda,5,-0.020535714285714213
55,stft_flat,5,csp_lda,5,-0.19642857142857162
56,stft_flat,5,csp_lda,5,-0.18273809523809526
57,stft_flat,5,csp_lda,5,-0.012797619047619058
58,stft_flat,5,csp_lda,5,-0.04999999999999999
59,stft_flat,5,csp_lda,5,-0.06041666666666656
60,stft_flat,5,csp_lda,5,-0.14255952380952386
46,tokens_flat,5,random_encoder,5,0.008928571428571341
47,tokens_flat,5,random_encoder,5,-0.007440476190476164
48,tokens_flat,5,random_encoder,5,0.0895833333333334
49,tokens_flat,5,random_encoder,5,0.01815476190476195
50,tokens_flat,5,random_encoder,5,-0.017559523809523747
51,tokens_flat,5,random_encoder,5,-0.018154761904761896
52,tokens_flat,5,random_encoder,5,-0.07023809523809532
53,tokens_flat,5,random_encoder,5,0.09017857142857144
54,tokens_flat,5,random_encoder,5,0.043154761904761973
55,tokens_flat,5,random_encoder,5,-0.007440476190476164
56,tokens_flat,5,random_encoder,5,0.1476190476190476
57,tokens_flat,5,random_encoder,5,-0.021130952380952417
58,tokens_flat,5,random_encoder,5,0.0032738095238095677
59,tokens_flat,5,random_encoder,5,0.014285714285714235
60,tokens_flat,5,random_encoder,5,0.10089285714285717
46,tokens_flat,5,csp_lda,5,-0.046130952380952384
47,tokens_flat,5,csp_lda,5,0.050892857142857184
48,tokens_flat,5,csp_lda,5,-0.10922619047619042
49,tokens_flat,5,csp_lda,5,-0.1029761904761905
50,tokens_flat,5,csp_lda,5,0.021130952380952306
51,tokens_flat,5,csp_lda,5,-0.15803571428571428
52,tokens_flat,5,csp_lda,5,0.006845238095238071
53,tokens_flat,5,csp_lda,5,-0.11517857142857135
54,tokens_flat,5,csp_lda,5,0.012500000000000178
55,tokens_flat,5,csp_lda,5,-0.09315476190476202
56,tokens_flat,5,csp_lda,5,-0.07440476190476197
57,tokens_flat,5,csp_lda,5,-0.024702380952380976
58,tokens_flat,5,csp_lda,5,-0.032440476190476186
59,tokens_flat,5,csp_lda,5,-0.01339285714285715
60,tokens_flat,5,csp_lda,5,-0.0663690476190476
46,random_encoder,5,tokens_flat,5,-0.008928571428571341
47,random_encoder,5,tokens_flat,5,0.007440476190476164
48,random_encoder,5,tokens_flat,5,-0.0895833333333334
49,random_encoder,5,tokens_flat,5,-0.01815476190476195
50,random_encoder,5,tokens_flat,5,0.017559523809523747
51,random_encoder,5,tokens_flat,5,0.018154761904761896
52,random_encoder,5,tokens_flat,5,0.07023809523809532
53,random_encoder,5,tokens_flat,5,-0.09017857142857144
54,random_encoder,5,tokens_flat,5,-0.043154761904761973
55,random_encoder,5,tokens_flat,5,0.007440476190476164
56,random_encoder,5,tokens_flat,5,-0.1476190476190476
57,random_encoder,5,tokens_flat,5,0.021130952380952417
58,random_encoder,5,tokens_flat,5,-0.0032738095238095677
59,random_encoder,5,tokens_flat,5,-0.014285714285714235
60,random_encoder,5,tokens_flat,5,-0.10089285714285717
46,random_encoder,5,csp_lda,5,-0.055059523809523725
47,random_encoder,5,csp_lda,5,0.05833333333333335
48,random_encoder,5,csp_lda,5,-0.19880952380952382
49,random_encoder,5,csp_lda,5,-0.12113095238095245
50,random_encoder,5,csp_lda,5,0.03869047619047605
51,random_encoder,5,csp_lda,5,-0.13988095238095238
52,random_encoder,5,csp_lda,5,0.07708333333333339
53,random_encoder,5,csp_lda,5,-0.2053571428571428
54,random_encoder,5,csp_lda,5,-0.030654761904761796
55,random_encoder,5,csp_lda,5,-0.08571428571428585
56,random_encoder,5,csp_lda,5,-0.22202380952380957
57,random_encoder,5,csp_lda,5,-0.0035714285714285587
58,random_encoder,5,csp_lda,5,-0.035714285714285754
59,random_encoder,5,csp_lda,5,-0.027678571428571386
60,random_encoder,5,csp_lda,5,-0.16726190476190478
46,pretrained_encoder,5,random_encoder,5,-0.030654761904761962
47,pretrained_encoder,5,random_encoder,5,0.01994047619047623
48,pretrained_encoder,5,random_encoder,5,0.047619047619047616
49,pretrained_encoder,5,random_encoder,5,-0.010416666666666685
50,pretrained_encoder,5,random_encoder,5,-0.022916666666666696
51,pretrained_encoder,5,random_encoder,5,-0.0035714285714285587
52,pretrained_encoder,5,random_encoder,5,-0.06488095238095237
53,pretrained_encoder,5,random_encoder,5,-0.007738095238095322
54,pretrained_encoder,5,random_encoder,5,-0.03839285714285712
55,pretrained_encoder,5,random_encoder,5,-0.05119047619047623
56,pretrained_encoder,5,random_encoder,5,0.005357142857142838
57,pretrained_encoder,5,random_encoder,5,0.00952380952380949
58,pretrained_encoder,5,random_encoder,5,-0.0220238095238095
59,pretrained_encoder,5,random_encoder,5,0.03630952380952379
60,pretrained_encoder,5,random_encoder,5,-0.0071428571428571175
46,pretrained_encoder,5,tokens_flat,5,-0.039583333333333304
47,pretrained_encoder,5,tokens_flat,5,0.027380952380952395
48,pretrained_encoder,5,tokens_flat,5,-0.04196428571428579
49,pretrained_encoder,5,tokens_flat,5,-0.028571428571428636
50,pretrained_encoder,5,tokens_flat,5,-0.005357142857142949
51,pretrained_encoder,5,tokens_flat,5,0.014583333333333337
52,pretrained_encoder,5,tokens_flat,5,0.005357142857142949
53,pretrained_encoder,5,tokens_flat,5,-0.09791666666666676
54,pretrained_encoder,5,tokens_flat,5,-0.08154761904761909
55,pretrained_encoder,5,tokens_flat,5,-0.04375000000000007
56,pretrained_encoder,5,tokens_flat,5,-0.14226190476190476
57,pretrained_encoder,5,tokens_flat,5,0.030654761904761907
58,pretrained_encoder,5,tokens_flat,5,-0.02529761904761907
59,pretrained_encoder,5,tokens_flat,5,0.022023809523809557
60,pretrained_encoder,5,tokens_flat,5,-0.10803571428571429
46,pretrained_encoder,5,csp_lda,5,-0.08571428571428569
47,pretrained_encoder,5,csp_lda,5,0.07827380952380958
48,pretrained_encoder,5,csp_lda,5,-0.1511904761904762
49,pretrained_encoder,5,csp_lda,5,-0.13154761904761914
50,pretrained_encoder,5,csp_lda,5,0.015773809523809357
51,pretrained_encoder,5,csp_lda,5,-0.14345238095238094
52,pretrained_encoder,5,csp_lda,5,0.01220238095238102
53,pretrained_encoder,5,csp_lda,5,-0.21309523809523812
54,pretrained_encoder,5,csp_lda,5,-0.06904761904761891
55,pretrained_encoder,5,csp_lda,5,-0.13690476190476208
56,pretrained_encoder,5,csp_lda,5,-0.21666666666666673
57,pretrained_encoder,5,csp_lda,5,0.005952380952380931
58,pretrained_encoder,5,csp_lda,5,-0.057738095238095255
59,pretrained_encoder,5,csp_lda,5,0.008630952380952406
60,pretrained_encoder,5,csp_lda,5,-0.1744047619047619
46,channel_encoder,5,random_encoder,5,-0.03452380952380962
47,channel_encoder,5,random_encoder,5,-0.03452380952380962
48,channel_encoder,5,random_encoder,5,0.009226190476190499
49,channel_encoder,5,random_encoder,5,0.0014880952380952328
50,channel_encoder,5,random_encoder,5,-0.013690476190476142
51,channel_encoder,5,random_encoder,5,0.005357142857142838
52,channel_encoder,5,random_encoder,5,-0.05982142857142858
53,channel_encoder,5,random_encoder,5,-0.022916666666666696
54,channel_encoder,5,random_encoder,5,-0.02351190476190479
55,channel_encoder,5,random_encoder,5,-0.004166666666666652
56,channel_encoder,5,random_encoder,5,0.002678571428571419
57,channel_encoder,5,random_encoder,5,0.024404761904761874
58,channel_encoder,5,random_encoder,5,-0.024404761904761874
59,channel_encoder,5,random_encoder,5,0.07440476190476192
60,channel_encoder,5,random_encoder,5,0.019047619047619035
46,channel_encoder,5,tokens_flat,5,-0.043452380952380965
47,channel_encoder,5,tokens_flat,5,-0.02708333333333346
48,channel_encoder,5,tokens_flat,5,-0.0803571428571429
49,channel_encoder,5,tokens_flat,5,-0.01666666666666672
50,channel_encoder,5,tokens_flat,5,0.0038690476190476053
51,channel_encoder,5,tokens_flat,5,0.023511904761904734
52,channel_encoder,5,tokens_flat,5,0.01041666666666674
53,channel_encoder,5,tokens_flat,5,-0.11309523809523814
54,channel_encoder,5,tokens_flat,5,-0.06666666666666676
55,channel_encoder,5,tokens_flat,5,0.003273809523809512
56,channel_encoder,5,tokens_flat,5,-0.14494047619047618
57,channel_encoder,5,tokens_flat,5,0.04553571428571429
58,channel_encoder,5,tokens_flat,5,-0.02767857142857144
59,channel_encoder,5,tokens_flat,5,0.06011904761904768
60,channel_encoder,5,tokens_flat,5,-0.08184523809523814
46,channel_encoder,5,csp_lda,5,-0.08958333333333335
47,channel_encoder,5,csp_lda,5,0.023809523809523725
48,channel_encoder,5,csp_lda,5,-0.18958333333333333
49,channel_encoder,5,csp_lda,5,-0.11964285714285722
50,channel_encoder,5,csp_lda,5,0.02499999999999991
51,channel_encoder,5,csp_lda,5,-0.13452380952380955
52,channel_encoder,5,csp_lda,5,0.01726190476190481
53,channel_encoder,5,csp_lda,5,-0.2282738095238095
54,channel_encoder,5,csp_lda,5,-0.054166666666666585
55,channel_encoder,5,csp_lda,5,-0.0898809523809525
56,channel_encoder,5,csp_lda,5,-0.21934523809523815
57,channel_encoder,5,csp_lda,5,0.020833333333333315
58,channel_encoder,5,csp_lda,5,-0.06011904761904763
59,channel_encoder,5,csp_lda,5,0.04672619047619053
60,channel_encoder,5,csp_lda,5,-0.14821428571428574
46,random_encoder,5,csp_lda,all,-0.15773809523809523
47,random_encoder,5,csp_lda,all,0.045535714285714235
48,random_encoder,5,csp_lda,all,-0.3440476190476192
49,random_encoder,5,csp_lda,all,-0.16636904761904764
50,random_encoder,5,csp_lda,all,-0.09494047619047619
51,random_encoder,5,csp_lda,all,-0.22619047619047622
52,random_encoder,5,csp_lda,all,-0.04017857142857151
53,random_encoder,5,csp_lda,all,-0.363095238095238
54,random_encoder,5,csp_lda,all,-0.03392857142857131
55,random_encoder,5,csp_lda,all,-0.10505952380952377
56,random_encoder,5,csp_lda,all,-0.2196428571428572
57,random_encoder,5,csp_lda,all,-0.023214285714285687
58,random_encoder,5,csp_lda,all,-0.028869047619047683
59,random_encoder,5,csp_lda,all,0.005357142857142894
60,random_encoder,5,csp_lda,all,-0.38392857142857134
46,pretrained_encoder,5,csp_lda,all,-0.1883928571428572
47,pretrained_encoder,5,csp_lda,all,0.06547619047619047
48,pretrained_encoder,5,csp_lda,all,-0.2964285714285716
49,pretrained_encoder,5,csp_lda,all,-0.17678571428571432
50,pretrained_encoder,5,csp_lda,all,-0.11785714285714288
51,pretrained_encoder,5,csp_lda,all,-0.22976190476190478
52,pretrained_encoder,5,csp_lda,all,-0.10505952380952388
53,pretrained_encoder,5,csp_lda,all,-0.37083333333333335
54,pretrained_encoder,5,csp_lda,all,-0.07232142857142843
55,pretrained_encoder,5,csp_lda,all,-0.15625
56,pretrained_encoder,5,csp_lda,all,-0.21428571428571436
57,pretrained_encoder,5,csp_lda,all,-0.013690476190476197
58,pretrained_encoder,5,csp_lda,all,-0.050892857142857184
59,pretrained_encoder,5,csp_lda,all,0.041666666666666685
60,pretrained_encoder,5,csp_lda,all,-0.39107142857142846
46,channel_encoder,5,csp_lda,all,-0.19226190476190486
47,channel_encoder,5,csp_lda,all,0.011011904761904612
48,channel_encoder,5,csp_lda,all,-0.3348214285714287
49,channel_encoder,5,csp_lda,all,-0.1648809523809524
50,channel_encoder,5,csp_lda,all,-0.10863095238095233
51,channel_encoder,5,csp_lda,all,-0.22083333333333338
52,channel_encoder,5,csp_lda,all,-0.10000000000000009
53,channel_encoder,5,csp_lda,all,-0.3860119047619047
54,channel_encoder,5,csp_lda,all,-0.0574404761904761
55,channel_encoder,5,csp_lda,all,-0.10922619047619042
56,channel_encoder,5,csp_lda,all,-0.21696428571428578
57,channel_encoder,5,csp_lda,all,0.0011904761904761862
58,channel_encoder,5,csp_lda,all,-0.05327380952380956
59,channel_encoder,5,csp_lda,all,0.07976190476190481
60,channel_encoder,5,csp_lda,all,-0.3648809523809523
46,majority,10,random_encoder,10,0.1023809523809524
47,majority,10,random_encoder,10,-0.07648809523809519
48,majority,10,random_encoder,10,0.019642857142857073
49,majority,10,random_encoder,10,0.07142857142857145
50,majority,10,random_encoder,10,-0.1300595238095238
51,majority,10,random_encoder,10,0.024404761904761874
52,majority,10,random_encoder,10,-0.1261904761904762
53,majority,10,random_encoder,10,-0.05654761904761896
54,majority,10,random_encoder,10,-0.17499999999999993
55,majority,10,random_encoder,10,-0.10952380952380947
56,majority,10,random_encoder,10,0.09583333333333327
57,majority,10,random_encoder,10,0.027083333333333348
58,majority,10,random_encoder,10,-0.026488095238095255
59,majority,10,random_encoder,10,0.018452380952380942
60,majority,10,random_encoder,10,0.04672619047619048
46,majority,10,tokens_flat,10,-0.006249999999999978
47,majority,10,tokens_flat,10,-0.06428571428571428
48,majority,10,tokens_flat,10,-0.08392857142857135
49,majority,10,tokens_flat,10,0.021726190476190455
50,majority,10,tokens_flat,10,-0.08630952380952384
51,majority,10,tokens_flat,10,0.0711309523809524
52,majority,10,tokens_flat,10,-0.07410714285714282
53,majority,10,tokens_flat,10,-0.16934523809523805
54,majority,10,tokens_flat,10,-0.30327380952380956
55,majority,10,tokens_flat,10,-0.13303571428571426
56,majority,10,tokens_flat,10,-0.13869047619047625
57,majority,10,tokens_flat,10,0.08958333333333335
58,majority,10,tokens_flat,10,-0.04613095238095244
59,majority,10,tokens_flat,10,-0.0005952380952380931
60,majority,10,tokens_flat,10,-0.13482142857142854
46,majority,10,csp_lda,10,-0.029761904761904767
47,majority,10,csp_lda,10,-0.023214285714285743
48,majority,10,csp_lda,10,-0.24851190476190477
49,majority,10,csp_lda,10,-0.07797619047619042
50,majority,10,csp_lda,10,-0.06875000000000009
51,majority,10,csp_lda,10,-0.13541666666666663
52,majority,10,csp_lda,10,-0.11577380952380956
53,majority,10,csp_lda,10,-0.32559523809523805
54,majority,10,csp_lda,10,-0.1964285714285715
55,majority,10,csp_lda,10,-0.24791666666666667
56,majority,10,csp_lda,10,-0.23809523809523814
57,majority,10,csp_lda,10,0.030059523809523814
58,majority,10,csp_lda,10,-0.027976190476190488
59,majority,10,csp_lda,10,0.011904761904761918
60,majority,10,csp_lda,10,-0.2136904761904762
46,bandpower,10,random_encoder,10,0.1392857142857143
47,bandpower,10,random_encoder,10,-0.14791666666666659
48,bandpower,10,random_encoder,10,0.15892857142857142
49,bandpower,10,random_encoder,10,0.15297619047619054
50,bandpower,10,random_encoder,10,-0.16755952380952382
51,bandpower,10,random_encoder,10,0.038095238095238015
52,bandpower,10,random_encoder,10,-0.11071428571428565
53,bandpower,10,random_encoder,10,0.21696428571428594
54,bandpower,10,random_encoder,10,0.1517857142857143
55,bandpower,10,random_encoder,10,0.04851190476190481
56,bandpower,10,random_encoder,10,0.4639880952380952
57,bandpower,10,random_encoder,10,0.04166666666666663
58,bandpower,10,random_encoder,10,0.020238095238095166
59,bandpower,10,random_encoder,10,0.08720238095238092
60,bandpower,10,random_encoder,10,0.20297619047619048
46,bandpower,10,tokens_flat,10,0.030654761904761907
47,bandpower,10,tokens_flat,10,-0.13571428571428568
48,bandpower,10,tokens_flat,10,0.055357142857142994
49,bandpower,10,tokens_flat,10,0.10327380952380955
50,bandpower,10,tokens_flat,10,-0.12380952380952387
51,bandpower,10,tokens_flat,10,0.08482142857142855
52,bandpower,10,tokens_flat,10,-0.058630952380952284
53,bandpower,10,tokens_flat,10,0.10416666666666685
54,bandpower,10,tokens_flat,10,0.02351190476190468
55,bandpower,10,tokens_flat,10,0.025000000000000022
56,bandpower,10,tokens_flat,10,0.22946428571428568
57,bandpower,10,tokens_flat,10,0.10416666666666663
58,bandpower,10,tokens_flat,10,0.0005952380952379821
59,bandpower,10,tokens_flat,10,0.06815476190476188
60,bandpower,10,tokens_flat,10,0.021428571428571463
46,bandpower,10,csp_lda,10,0.0071428571428571175
47,bandpower,10,csp_lda,10,-0.09464285714285714
48,bandpower,10,csp_lda,10,-0.10922619047619042
49,bandpower,10,csp_lda,10,0.0035714285714286698
50,bandpower,10,csp_lda,10,-0.10625000000000012
51,bandpower,10,csp_lda,10,-0.12172619047619049
52,bandpower,10,csp_lda,10,-0.10029761904761902
53,bandpower,10,csp_lda,10,-0.05208333333333315
54,bandpower,10,csp_lda,10,0.13035714285714273
55,bandpower,10,csp_lda,10,-0.0898809523809524
56,bandpower,10,csp_lda,10,0.1300595238095238
57,bandpower,10,csp_lda,10,0.044642857142857095
58,bandpower,10,csp_lda,10,0.018749999999999933
59,bandpower,10,csp_lda,10,0.0806547619047619
60,bandpower,10,csp_lda,10,-0.05744047619047621
46,csp_lda,10,random_encoder,10,0.13214285714285717
47,csp_lda,10,random_encoder,10,-0.053273809523809446
48,csp_lda,10,random_encoder,10,0.26815476190476184
49,csp_lda,10,random_encoder,10,0.14940476190476187
50,csp_lda,10,random_encoder,10,-0.0613095238095237
51,csp_lda,10,random_encoder,10,0.1598214285714285
52,csp_lda,10,random_encoder,10,-0.01041666666666663
53,csp_lda,10,random_encoder,10,0.2690476190476191
54,csp_lda,10,random_encoder,10,0.021428571428571574
55,csp_lda,10,random_encoder,10,0.1383928571428572
56,csp_lda,10,random_encoder,10,0.3339285714285714
57,csp_lda,10,random_encoder,10,-0.0029761904761904656
58,csp_lda,10,random_encoder,10,0.0014880952380952328
59,csp_lda,10,random_encoder,10,0.006547619047619024
60,csp_lda,10,random_encoder,10,0.2604166666666667
46,csp_lda,10,tokens_flat,10,0.02351190476190479
47,csp_lda,10,tokens_flat,10,-0.04107142857142854
48,csp_lda,10,tokens_flat,10,0.16458333333333341
49,csp_lda,10,tokens_flat,10,0.09970238095238088
50,csp_lda,10,tokens_flat,10,-0.017559523809523747
51,csp_lda,10,tokens_flat,10,0.20654761904761904
52,csp_lda,10,tokens_flat,10,0.04166666666666674
53,csp_lda,10,tokens_flat,10,0.15625
54,csp_lda,10,tokens_flat,10,-0.10684523809523805
55,csp_lda,10,tokens_flat,10,0.11488095238095242
56,csp_lda,10,tokens_flat,10,0.09940476190476188
57,csp_lda,10,tokens_flat,10,0.059523809523809534
58,csp_lda,10,tokens_flat,10,-0.01815476190476195
59,csp_lda,10,tokens_flat,10,-0.012500000000000011
60,csp_lda,10,tokens_flat,10,0.07886904761904767
46,stft_flat,10,random_encoder,10,0.061309523809523814
47,stft_flat,10,random_encoder,10,-0.06071428571428561
48,stft_flat,10,random_encoder,10,0.06488095238095226
49,stft_flat,10,random_encoder,10,0.12708333333333338
50,stft_flat,10,random_encoder,10,-0.051488095238095166
51,stft_flat,10,random_encoder,10,0.05059523809523808
52,stft_flat,10,random_encoder,10,-0.04613095238095244
53,stft_flat,10,random_encoder,10,0.05238095238095242
54,stft_flat,10,random_encoder,10,0.07470238095238102
55,stft_flat,10,random_encoder,10,-0.08214285714285707
56,stft_flat,10,random_encoder,10,0.02767857142857144
57,stft_flat,10,random_encoder,10,-0.051190476190476175
58,stft_flat,10,random_encoder,10,-0.07053571428571431
59,stft_flat,10,random_encoder,10,-0.04017857142857151
60,stft_flat,10,random_encoder,10,0.11279761904761904
46,stft_flat,10,tokens_flat,10,-0.04732142857142857
47,stft_flat,10,tokens_flat,10,-0.0485119047619047
48,stft_flat,10,tokens_flat,10,-0.038690476190476164
49,stft_flat,10,tokens_flat,10,0.07738095238095238
50,stft_flat,10,tokens_flat,10,-0.007738095238095211
51,stft_flat,10,tokens_flat,10,0.09732142857142861
52,stft_flat,10,tokens_flat,10,0.005952380952380931
53,stft_flat,10,tokens_flat,10,-0.060416666666666674
54,stft_flat,10,tokens_flat,10,-0.0535714285714286
55,stft_flat,10,tokens_flat,10,-0.10565476190476186
56,stft_flat,10,tokens_flat,10,-0.20684523809523808
57,stft_flat,10,tokens_flat,10,0.011309523809523825
58,stft_flat,10,tokens_flat,10,-0.0901785714285715
59,stft_flat,10,tokens_flat,10,-0.05922619047619054
60,stft_flat,10,tokens_flat,10,-0.06874999999999998
46,stft_flat,10,csp_lda,10,-0.07083333333333336
47,stft_flat,10,csp_lda,10,-0.007440476190476164
48,stft_flat,10,csp_lda,10,-0.20327380952380958
49,stft_flat,10,csp_lda,10,-0.022321428571428492
50,stft_flat,10,csp_lda,10,0.009821428571428537
51,stft_flat,10,csp_lda,10,-0.10922619047619042
52,stft_flat,10,csp_lda,10,-0.03571428571428581
53,stft_flat,10,csp_lda,10,-0.21666666666666667
54,stft_flat,10,csp_lda,10,0.053273809523809446
55,stft_flat,10,csp_lda,10,-0.22053571428571428
56,stft_flat,10,csp_lda,10,-0.30624999999999997
57,stft_flat,10,csp_lda,10,-0.04821428571428571
58,stft_flat,10,csp_lda,10,-0.07202380952380955
59,stft_flat,10,csp_lda,10,-0.04672619047619053
60,stft_flat,10,csp_lda,10,-0.14761904761904765
46,tokens_flat,10,random_encoder,10,0.10863095238095238
47,tokens_flat,10,random_encoder,10,-0.012202380952380909
48,tokens_flat,10,random_encoder,10,0.10357142857142843
49,tokens_flat,10,random_encoder,10,0.049702380952381
50,tokens_flat,10,random_encoder,10,-0.043749999999999956
51,tokens_flat,10,random_encoder,10,-0.04672619047619053
52,tokens_flat,10,random_encoder,10,-0.05208333333333337
53,tokens_flat,10,random_encoder,10,0.11279761904761909
54,tokens_flat,10,random_encoder,10,0.12827380952380962
55,tokens_flat,10,random_encoder,10,0.02351190476190479
56,tokens_flat,10,random_encoder,10,0.23452380952380952
57,tokens_flat,10,random_encoder,10,-0.0625
58,tokens_flat,10,random_encoder,10,0.019642857142857184
59,tokens_flat,10,random_encoder,10,0.019047619047619035
60,tokens_flat,10,random_encoder,10,0.181547619047619
46,tokens_flat,10,csp_lda,10,-0.02351190476190479
47,tokens_flat,10,csp_lda,10,0.04107142857142854
48,tokens_flat,10,csp_lda,10,-0.16458333333333341
49,tokens_flat,10,csp_lda,10,-0.09970238095238088
50,tokens_flat,10,csp_lda,10,0.017559523809523747
51,tokens_flat,10,csp_lda,10,-0.20654761904761904
52,tokens_flat,10,csp_lda,10,-0.04166666666666674
53,tokens_flat,10,csp_lda,10,-0.15625
54,tokens_flat,10,csp_lda,10,0.10684523809523805
55,tokens_flat,10,csp_lda,10,-0.11488095238095242
56,tokens_flat,10,csp_lda,10,-0.09940476190476188
57,tokens_flat,10,csp_lda,10,-0.059523809523809534
58,tokens_flat,10,csp_lda,10,0.01815476190476195
59,tokens_flat,10,csp_lda,10,0.012500000000000011
60,tokens_flat,10,csp_lda,10,-0.07886904761904767
46,random_encoder,10,tokens_flat,10,-0.10863095238095238
47,random_encoder,10,tokens_flat,10,0.012202380952380909
48,random_encoder,10,tokens_flat,10,-0.10357142857142843
49,random_encoder,10,tokens_flat,10,-0.049702380952381
50,random_encoder,10,tokens_flat,10,0.043749999999999956
51,random_encoder,10,tokens_flat,10,0.04672619047619053
52,random_encoder,10,tokens_flat,10,0.05208333333333337
53,random_encoder,10,tokens_flat,10,-0.11279761904761909
54,random_encoder,10,tokens_flat,10,-0.12827380952380962
55,random_encoder,10,tokens_flat,10,-0.02351190476190479
56,random_encoder,10,tokens_flat,10,-0.23452380952380952
57,random_encoder,10,tokens_flat,10,0.0625
58,random_encoder,10,tokens_flat,10,-0.019642857142857184
59,random_encoder,10,tokens_flat,10,-0.019047619047619035
60,random_encoder,10,tokens_flat,10,-0.181547619047619
46,random_encoder,10,csp_lda,10,-0.13214285714285717
47,random_encoder,10,csp_lda,10,0.053273809523809446
48,random_encoder,10,csp_lda,10,-0.26815476190476184
49,random_encoder,10,csp_lda,10,-0.14940476190476187
50,random_encoder,10,csp_lda,10,0.0613095238095237
51,random_encoder,10,csp_lda,10,-0.1598214285714285
52,random_encoder,10,csp_lda,10,0.01041666666666663
53,random_encoder,10,csp_lda,10,-0.2690476190476191
54,random_encoder,10,csp_lda,10,-0.021428571428571574
55,random_encoder,10,csp_lda,10,-0.1383928571428572
56,random_encoder,10,csp_lda,10,-0.3339285714285714
57,random_encoder,10,csp_lda,10,0.0029761904761904656
58,random_encoder,10,csp_lda,10,-0.0014880952380952328
59,random_encoder,10,csp_lda,10,-0.006547619047619024
60,random_encoder,10,csp_lda,10,-0.2604166666666667
46,pretrained_encoder,10,random_encoder,10,-0.004761904761904745
47,pretrained_encoder,10,random_encoder,10,0.027083333333333348
48,pretrained_encoder,10,random_encoder,10,0.059523809523809534
49,pretrained_encoder,10,random_encoder,10,-0.004464285714285698
50,pretrained_encoder,10,random_encoder,10,-0.028869047619047516
51,pretrained_encoder,10,random_encoder,10,-0.00952380952380949
52,pretrained_encoder,10,random_encoder,10,-0.04345238095238102
53,pretrained_encoder,10,random_encoder,10,-0.00684523809523796
54,pretrained_encoder,10,random_encoder,10,-0.016666666666666607
55,pretrained_encoder,10,random_encoder,10,0.006250000000000089
56,pretrained_encoder,10,random_encoder,10,0.034226190476190466
57,pretrained_encoder,10,random_encoder,10,0.027083333333333348
58,pretrained_encoder,10,random_encoder,10,-0.01726190476190481
59,pretrained_encoder,10,random_encoder,10,0.019940476190476175
60,pretrained_encoder,10,random_encoder,10,0.02738095238095234
46,pretrained_encoder,10,tokens_flat,10,-0.11339285714285713
47,pretrained_encoder,10,tokens_flat,10,0.03928571428571426
48,pretrained_encoder,10,tokens_flat,10,-0.04404761904761889
49,pretrained_encoder,10,tokens_flat,10,-0.054166666666666696
50,pretrained_encoder,10,tokens_flat,10,0.014880952380952439
51,pretrained_encoder,10,tokens_flat,10,0.03720238095238104
52,pretrained_encoder,10,tokens_flat,10,0.00863095238095235
53,pretrained_encoder,10,tokens_flat,10,-0.11964285714285705
54,pretrained_encoder,10,tokens_flat,10,-0.14494047619047623
55,pretrained_encoder,10,tokens_flat,10,-0.0172619047619047
56,pretrained_encoder,10,tokens_flat,10,-0.20029761904761906
57,pretrained_encoder,10,tokens_flat,10,0.08958333333333335
58,pretrained_encoder,10,tokens_flat,10,-0.036904761904761996
59,pretrained_encoder,10,tokens_flat,10,0.0008928571428571397
60,pretrained_encoder,10,tokens_flat,10,-0.15416666666666667
46,pretrained_encoder,10,csp_lda,10,-0.13690476190476192
47,pretrained_encoder,10,csp_lda,10,0.0803571428571428
48,pretrained_encoder,10,csp_lda,10,-0.2086309523809523
49,pretrained_encoder,10,csp_lda,10,-0.15386904761904757
50,pretrained_encoder,10,csp_lda,10,0.032440476190476186
51,pretrained_encoder,10,csp_lda,10,-0.169345238095238
52,pretrained_encoder,10,csp_lda,10,-0.03303571428571439
53,pretrained_encoder,10,csp_lda,10,-0.27589285714285705
54,pretrained_encoder,10,csp_lda,10,-0.03809523809523818
55,pretrained_encoder,10,csp_lda,10,-0.13214285714285712
56,pretrained_encoder,10,csp_lda,10,-0.29970238095238094
57,pretrained_encoder,10,csp_lda,10,0.030059523809523814
58,pretrained_encoder,10,csp_lda,10,-0.018750000000000044
59,pretrained_encoder,10,csp_lda,10,0.01339285714285715
60,pretrained_encoder,10,csp_lda,10,-0.23303571428571435
46,channel_encoder,10,random_encoder,10,0.00565476190476194
47,channel_encoder,10,random_encoder,10,-0.013392857142856984
48,channel_encoder,10,random_encoder,10,0.05565476190476182
49,channel_encoder,10,random_encoder,10,-0.0011904761904761307
50,channel_encoder,10,random_encoder,10,-0.08303571428571432
51,channel_encoder,10,random_encoder,10,0.013988095238095188
52,channel_encoder,10,random_encoder,10,-0.044642857142857095
53,channel_encoder,10,random_encoder,10,-0.008035714285714146
54,channel_encoder,10,random_encoder,10,0.030059523809523814
55,channel_encoder,10,random_encoder,10,0.023214285714285854
56,channel_encoder,10,random_encoder,10,-0.01726190476190481
57,channel_encoder,10,random_encoder,10,0.03273809523809523
58,channel_encoder,10,random_encoder,10,-0.030654761904761907
59,channel_encoder,10,random_encoder,10,0.059821428571428636
60,channel_encoder,10,random_encoder,10,0.019345238095238138
46,channel_encoder,10,tokens_flat,10,-0.10297619047619044
47,channel_encoder,10,tokens_flat,10,-0.0011904761904760752
48,channel_encoder,10,tokens_flat,10,-0.04791666666666661
49,channel_encoder,10,tokens_flat,10,-0.05089285714285713
50,channel_encoder,10,tokens_flat,10,-0.03928571428571437
51,channel_encoder,10,tokens_flat,10,0.06071428571428572
52,channel_encoder,10,tokens_flat,10,0.007440476190476275
53,channel_encoder,10,tokens_flat,10,-0.12083333333333324
54,channel_encoder,10,tokens_flat,10,-0.09821428571428581
55,channel_encoder,10,tokens_flat,10,-0.00029761904761893554
56,channel_encoder,10,tokens_flat,10,-0.25178571428571433
57,channel_encoder,10,tokens_flat,10,0.09523809523809523
58,channel_encoder,10,tokens_flat,10,-0.05029761904761909
59,channel_encoder,10,tokens_flat,10,0.0407738095238096
60,channel_encoder,10,tokens_flat,10,-0.16220238095238088
46,channel_encoder,10,csp_lda,10,-0.12648809523809523
47,channel_encoder,10,csp_lda,10,0.03988095238095246
48,channel_encoder,10,csp_lda,10,-0.21250000000000002
49,channel_encoder,10,csp_lda,10,-0.150595238095238
50,channel_encoder,10,csp_lda,10,-0.02172619047619062
51,channel_encoder,10,csp_lda,10,-0.14583333333333331
52,channel_encoder,10,csp_lda,10,-0.034226190476190466
53,channel_encoder,10,csp_lda,10,-0.27708333333333324
54,channel_encoder,10,csp_lda,10,0.00863095238095224
55,channel_encoder,10,csp_lda,10,-0.11517857142857135
56,channel_encoder,10,csp_lda,10,-0.3511904761904762
57,channel_encoder,10,csp_lda,10,0.0357142857142857
58,channel_encoder,10,csp_lda,10,-0.03214285714285714
59,channel_encoder,10,csp_lda,10,0.05327380952380961
60,channel_encoder,10,csp_lda,10,-0.24107142857142855
46,random_encoder,10,csp_lda,all,-0.2363095238095239
47,random_encoder,10,csp_lda,all,0.06160714285714275
48,random_encoder,10,csp_lda,all,-0.3291666666666667
49,random_encoder,10,csp_lda,all,-0.193452380952381
50,random_encoder,10,csp_lda,all,-0.04255952380952377
51,random_encoder,10,csp_lda,all,-0.23273809523809524
52,random_encoder,10,csp_lda,all,-0.05833333333333346
53,random_encoder,10,csp_lda,all,-0.3303571428571429
54,random_encoder,10,csp_lda,all,-0.0035714285714285587
55,random_encoder,10,csp_lda,all,-0.11369047619047623
56,random_encoder,10,csp_lda,all,-0.2714285714285714
57,random_encoder,10,csp_lda,all,-0.027083333333333348
58,random_encoder,10,csp_lda,all,0.005654761904761885
59,random_encoder,10,csp_lda,all,0.032142857142857195
60,random_encoder,10,csp_lda,all,-0.41279761904761897
46,pretrained_encoder,10,csp_lda,all,-0.24107142857142866
47,pretrained_encoder,10,csp_lda,all,0.0886904761904761
48,pretrained_encoder,10,csp_lda,all,-0.2696428571428572
49,pretrained_encoder,10,csp_lda,all,-0.19791666666666669
50,pretrained_encoder,10,csp_lda,all,-0.07142857142857129
51,pretrained_encoder,10,csp_lda,all,-0.24226190476190473
52,pretrained_encoder,10,csp_lda,all,-0.10178571428571448
53,pretrained_encoder,10,csp_lda,all,-0.33720238095238086
54,pretrained_encoder,10,csp_lda,all,-0.020238095238095166
55,pretrained_encoder,10,csp_lda,all,-0.10744047619047614
56,pretrained_encoder,10,csp_lda,all,-0.23720238095238094
57,pretrained_encoder,10,csp_lda,all,0.0
58,pretrained_encoder,10,csp_lda,all,-0.011607142857142927
59,pretrained_encoder,10,csp_lda,all,0.05208333333333337
60,pretrained_encoder,10,csp_lda,all,-0.38541666666666663
46,channel_encoder,10,csp_lda,all,-0.23065476190476197
47,channel_encoder,10,csp_lda,all,0.048214285714285765
48,channel_encoder,10,csp_lda,all,-0.2735119047619049
49,channel_encoder,10,csp_lda,all,-0.19464285714285712
50,channel_encoder,10,csp_lda,all,-0.1255952380952381
51,channel_encoder,10,csp_lda,all,-0.21875000000000006
52,channel_encoder,10,csp_lda,all,-0.10297619047619055
53,channel_encoder,10,csp_lda,all,-0.33839285714285705
54,channel_encoder,10,csp_lda,all,0.026488095238095255
55,channel_encoder,10,csp_lda,all,-0.09047619047619038
56,channel_encoder,10,csp_lda,all,-0.2886904761904762
57,channel_encoder,10,csp_lda,all,0.005654761904761885
58,channel_encoder,10,csp_lda,all,-0.025000000000000022
59,channel_encoder,10,csp_lda,all,0.09196428571428583
60,channel_encoder,10,csp_lda,all,-0.39345238095238083
46,majority,all,random_encoder,all,0.1577380952380953
47,majority,all,random_encoder,all,-0.0982142857142857
48,majority,all,random_encoder,all,0.014880952380952384
49,majority,all,random_encoder,all,0.13095238095238093
50,majority,all,random_encoder,all,-0.12797619047619047
51,majority,all,random_encoder,all,0.014880952380952384
52,majority,all,random_encoder,all,-0.05357142857142849
53,majority,all,random_encoder,all,-0.06547619047619047
54,majority,all,random_encoder,all,-0.20238095238095244
55,majority,all,random_encoder,all,-0.059523809523809534
56,majority,all,random_encoder,all,0.22619047619047622
57,majority,all,random_encoder,all,0.08630952380952378
58,majority,all,random_encoder,all,-0.011904761904761973
59,majority,all,random_encoder,all,0.002976190476190521
60,majority,all,random_encoder,all,-0.011904761904761862
46,majority,all,tokens_flat,all,-0.059523809523809645
47,majority,all,tokens_flat,all,-0.09523809523809523
48,majority,all,tokens_flat,all,-0.09523809523809523
49,majority,all,tokens_flat,all,-0.04166666666666663
50,majority,all,tokens_flat,all,-0.10119047619047628
51,majority,all,tokens_flat,all,0.07738095238095238
52,majority,all,tokens_flat,all,-0.03273809523809523
53,majority,all,tokens_flat,all,-0.2678571428571429
54,majority,all,tokens_flat,all,-0.3095238095238094
55,majority,all,tokens_flat,all,-0.0982142857142857
56,majority,all,tokens_flat,all,-0.2321428571428572
57,majority,all,tokens_flat,all,0.17559523809523814
58,majority,all,tokens_flat,all,-0.13988095238095244
59,majority,all,tokens_flat,all,-0.023809523809523836
60,majority,all,tokens_flat,all,-0.1696428571428571
46,majority,all,csp_lda,all,-0.1339285714285715
47,majority,all,csp_lda,all,-0.014880952380952439
48,majority,all,csp_lda,all,-0.30952380952380965
49,majority,all,csp_lda,all,-0.12202380952380953
50,majority,all,csp_lda,all,-0.17261904761904756
51,majority,all,csp_lda,all,-0.20833333333333337
52,majority,all,csp_lda,all,-0.18452380952380965
53,majority,all,csp_lda,all,-0.38690476190476186
54,majority,all,csp_lda,all,-0.1785714285714285
55,majority,all,csp_lda,all,-0.2232142857142857
56,majority,all,csp_lda,all,-0.17559523809523814
57,majority,all,csp_lda,all,0.0
58,majority,all,csp_lda,all,-0.02083333333333337
59,majority,all,csp_lda,all,0.05059523809523814
60,majority,all,csp_lda,all,-0.3660714285714285
46,bandpower,all,random_encoder,all,0.25892857142857145
47,bandpower,all,random_encoder,all,-0.17261904761904756
48,bandpower,all,random_encoder,all,0.1577380952380953
49,bandpower,all,random_encoder,all,0.28273809523809523
50,bandpower,all,random_encoder,all,-0.11309523809523803
51,bandpower,all,random_encoder,all,0.0
52,bandpower,all,random_encoder,all,-0.05952380952380942
53,bandpower,all,random_encoder,all,0.27083333333333337
54,bandpower,all,random_encoder,all,0.15476190476190477
55,bandpower,all,random_encoder,all,0.04166666666666663
56,bandpower,all,random_encoder,all,0.6309523809523809
57,bandpower,all,random_encoder,all,0.24702380952380948
58,bandpower,all,random_encoder,all,0.059523809523809534
59,bandpower,all,random_encoder,all,0.12500000000000006
60,bandpower,all,random_encoder,all,0.17857142857142871
46,bandpower,all,tokens_flat,all,0.04166666666666652
47,bandpower,all,tokens_flat,all,-0.1696428571428571
48,bandpower,all,tokens_flat,all,0.04761904761904767
49,bandpower,all,tokens_flat,all,0.11011904761904767
50,bandpower,all,tokens_flat,all,-0.08630952380952384
51,bandpower,all,tokens_flat,all,0.0625
52,bandpower,all,tokens_flat,all,-0.038690476190476164
53,bandpower,all,tokens_flat,all,0.06845238095238093
54,bandpower,all,tokens_flat,all,0.04761904761904778
55,bandpower,all,tokens_flat,all,0.0029761904761904656
56,bandpower,all,tokens_flat,all,0.17261904761904756
57,bandpower,all,tokens_flat,all,0.33630952380952384
58,bandpower,all,tokens_flat,all,-0.06845238095238093
59,bandpower,all,tokens_flat,all,0.0982142857142857
60,bandpower,all,tokens_flat,all,0.02083333333333348
46,bandpower,all,csp_lda,all,-0.032738095238095344
47,bandpower,all,csp_lda,all,-0.0892857142857143
48,bandpower,all,csp_lda,all,-0.16666666666666674
49,bandpower,all,csp_lda,all,0.029761904761904767
50,bandpower,all,csp_lda,all,-0.15773809523809512
51,bandpower,all,csp_lda,all,-0.22321428571428575
52,bandpower,all,csp_lda,all,-0.19047619047619058
53,bandpower,all,csp_lda,all,-0.050595238095238027
54,bandpower,all,csp_lda,all,0.17857142857142871
55,bandpower,all,csp_lda,all,-0.12202380952380953
56,bandpower,all,csp_lda,all,0.22916666666666663
57,bandpower,all,csp_lda,all,0.1607142857142857
58,bandpower,all,csp_lda,all,0.05059523809523814
59,bandpower,all,csp_lda,all,0.17261904761904767
60,bandpower,all,csp_lda,all,-0.17559523809523792
46,csp_lda,all,random_encoder,all,0.2916666666666668
47,csp_lda,all,random_encoder,all,-0.08333333333333326
48,csp_lda,all,random_encoder,all,0.32440476190476203
49,csp_lda,all,random_encoder,all,0.25297619047619047
50,csp_lda,all,random_encoder,all,0.044642857142857095
51,csp_lda,all,random_encoder,all,0.22321428571428575
52,csp_lda,all,random_encoder,all,0.13095238095238115
53,csp_lda,all,random_encoder,all,0.3214285714285714
54,csp_lda,all,random_encoder,all,-0.023809523809523947
55,csp_lda,all,random_encoder,all,0.16369047619047616
56,csp_lda,all,random_encoder,all,0.40178571428571436
57,csp_lda,all,random_encoder,all,0.08630952380952378
58,csp_lda,all,random_encoder,all,0.008928571428571397
59,csp_lda,all,random_encoder,all,-0.047619047619047616
60,csp_lda,all,random_encoder,all,0.35416666666666663
46,csp_lda,all,tokens_flat,all,0.07440476190476186
47,csp_lda,all,tokens_flat,all,-0.0803571428571428
48,csp_lda,all,tokens_flat,all,0.2142857142857144
49,csp_lda,all,tokens_flat,all,0.0803571428571429
50,csp_lda,all,tokens_flat,all,0.07142857142857129
51,csp_lda,all,tokens_flat,all,0.28571428571428575
52,csp_lda,all,tokens_flat,all,0.1517857142857144
53,csp_lda,all,tokens_flat,all,0.11904761904761896
54,csp_lda,all,tokens_flat,all,-0.13095238095238093
55,csp_lda,all,tokens_flat,all,0.125
56,csp_lda,all,tokens_flat,all,-0.05654761904761907
57,csp_lda,all,tokens_flat,all,0.17559523809523814
58,csp_lda,all,tokens_flat,all,-0.11904761904761907
59,csp_lda,all,tokens_flat,all,-0.07440476190476197
60,csp_lda,all,tokens_flat,all,0.1964285714285714
46,stft_flat,all,random_encoder,all,0.1488095238095239
47,stft_flat,all,random_encoder,all,-0.08630952380952372
48,stft_flat,all,random_encoder,all,0.07440476190476192
49,stft_flat,all,random_encoder,all,0.2053571428571428
50,stft_flat,all,random_encoder,all,-0.09226190476190477
51,stft_flat,all,random_encoder,all,0.02380952380952389
52,stft_flat,all,random_encoder,all,0.017857142857143016
53,stft_flat,all,random_encoder,all,0.023809523809523836
54,stft_flat,all,random_encoder,all,0.04761904761904756
55,stft_flat,all,random_encoder,all,-0.0267857142857143
56,stft_flat,all,random_encoder,all,0.06845238095238093
57,stft_flat,all,random_encoder,all,0.059523809523809534
58,stft_flat,all,random_encoder,all,-0.05357142857142866
59,stft_flat,all,random_encoder,all,-0.06547619047619041
60,stft_flat,all,random_encoder,all,0.07440476190476197
46,stft_flat,all,tokens_flat,all,-0.06845238095238104
47,stft_flat,all,tokens_flat,all,-0.08333333333333326
48,stft_flat,all,tokens_flat,all,-0.0357142857142857
49,stft_flat,all,tokens_flat,all,0.03273809523809523
50,stft_flat,all,tokens_flat,all,-0.06547619047619058
51,stft_flat,all,tokens_flat,all,0.08630952380952389
52,stft_flat,all,tokens_flat,all,0.038690476190476275
53,stft_flat,all,tokens_flat,all,-0.1785714285714286
54,stft_flat,all,tokens_flat,all,-0.05952380952380942
55,stft_flat,all,tokens_flat,all,-0.06547619047619047
56,stft_flat,all,tokens_flat,all,-0.3898809523809525
57,stft_flat,all,tokens_flat,all,0.1488095238095239
58,stft_flat,all,tokens_flat,all,-0.18154761904761912
59,stft_flat,all,tokens_flat,all,-0.09226190476190477
60,stft_flat,all,tokens_flat,all,-0.08333333333333326
46,stft_flat,all,csp_lda,all,-0.1428571428571429
47,stft_flat,all,csp_lda,all,-0.0029761904761904656
48,stft_flat,all,csp_lda,all,-0.2500000000000001
49,stft_flat,all,csp_lda,all,-0.04761904761904767
50,stft_flat,all,csp_lda,all,-0.13690476190476186
51,stft_flat,all,csp_lda,all,-0.19940476190476186
52,stft_flat,all,csp_lda,all,-0.11309523809523814
53,stft_flat,all,csp_lda,all,-0.29761904761904756
54,stft_flat,all,csp_lda,all,0.07142857142857151
55,stft_flat,all,csp_lda,all,-0.19047619047619047
56,stft_flat,all,csp_lda,all,-0.3333333333333334
57,stft_flat,all,csp_lda,all,-0.026785714285714246
58,stft_flat,all,csp_lda,all,-0.06250000000000006
59,stft_flat,all,csp_lda,all,-0.017857142857142794
60,stft_flat,all,csp_lda,all,-0.27976190476190466
46,tokens_flat,all,random_encoder,all,0.21726190476190493
47,tokens_flat,all,random_encoder,all,-0.0029761904761904656
48,tokens_flat,all,random_encoder,all,0.11011904761904762
49,tokens_flat,all,random_encoder,all,0.17261904761904756
50,tokens_flat,all,random_encoder,all,-0.02678571428571419
51,tokens_flat,all,random_encoder,all,-0.0625
52,tokens_flat,all,random_encoder,all,-0.02083333333333326
53,tokens_flat,all,random_encoder,all,0.20238095238095244
54,tokens_flat,all,random_encoder,all,0.10714285714285698
55,tokens_flat,all,random_encoder,all,0.038690476190476164
56,tokens_flat,all,random_encoder,all,0.4583333333333334
57,tokens_flat,all,random_encoder,all,-0.08928571428571436
58,tokens_flat,all,random_encoder,all,0.12797619047619047
59,tokens_flat,all,random_encoder,all,0.026785714285714357
60,tokens_flat,all,random_encoder,all,0.15773809523809523
46,tokens_flat,all,csp_lda,all,-0.07440476190476186
47,tokens_flat,all,csp_lda,all,0.0803571428571428
48,tokens_flat,all,csp_lda,all,-0.2142857142857144
49,tokens_flat,all,csp_lda,all,-0.0803571428571429
50,tokens_flat,all,csp_lda,all,-0.07142857142857129
51,tokens_flat,all,csp_lda,all,-0.28571428571428575
52,tokens_flat,all,csp_lda,all,-0.1517857142857144
53,tokens_flat,all,csp_lda,all,-0.11904761904761896
54,tokens_flat,all,csp_lda,all,0.13095238095238093
55,tokens_flat,all,csp_lda,all,-0.125
56,tokens_flat,all,csp_lda,all,0.05654761904761907
57,tokens_flat,all,csp_lda,all,-0.17559523809523814
58,tokens_flat,all,csp_lda,all,0.11904761904761907
59,tokens_flat,all,csp_lda,all,0.07440476190476197
60,tokens_flat,all,csp_lda,all,-0.1964285714285714
46,random_encoder,all,tokens_flat,all,-0.21726190476190493
47,random_encoder,all,tokens_flat,all,0.0029761904761904656
48,random_encoder,all,tokens_flat,all,-0.11011904761904762
49,random_encoder,all,tokens_flat,all,-0.17261904761904756
50,random_encoder,all,tokens_flat,all,0.02678571428571419
51,random_encoder,all,tokens_flat,all,0.0625
52,random_encoder,all,tokens_flat,all,0.02083333333333326
53,random_encoder,all,tokens_flat,all,-0.20238095238095244
54,random_encoder,all,tokens_flat,all,-0.10714285714285698
55,random_encoder,all,tokens_flat,all,-0.038690476190476164
56,random_encoder,all,tokens_flat,all,-0.4583333333333334
57,random_encoder,all,tokens_flat,all,0.08928571428571436
58,random_encoder,all,tokens_flat,all,-0.12797619047619047
59,random_encoder,all,tokens_flat,all,-0.026785714285714357
60,random_encoder,all,tokens_flat,all,-0.15773809523809523
46,random_encoder,all,csp_lda,all,-0.2916666666666668
47,random_encoder,all,csp_lda,all,0.08333333333333326
48,random_encoder,all,csp_lda,all,-0.32440476190476203
49,random_encoder,all,csp_lda,all,-0.25297619047619047
50,random_encoder,all,csp_lda,all,-0.044642857142857095
51,random_encoder,all,csp_lda,all,-0.22321428571428575
52,random_encoder,all,csp_lda,all,-0.13095238095238115
53,random_encoder,all,csp_lda,all,-0.3214285714285714
54,random_encoder,all,csp_lda,all,0.023809523809523947
55,random_encoder,all,csp_lda,all,-0.16369047619047616
56,random_encoder,all,csp_lda,all,-0.40178571428571436
57,random_encoder,all,csp_lda,all,-0.08630952380952378
58,random_encoder,all,csp_lda,all,-0.008928571428571397
59,random_encoder,all,csp_lda,all,0.047619047619047616
60,random_encoder,all,csp_lda,all,-0.35416666666666663
46,pretrained_encoder,all,random_encoder,all,-0.05952380952380948
47,pretrained_encoder,all,random_encoder,all,0.0625
48,pretrained_encoder,all,random_encoder,all,0.02380952380952389
49,pretrained_encoder,all,random_encoder,all,0.02976190476190471
50,pretrained_encoder,all,random_encoder,all,-0.0029761904761904656
51,pretrained_encoder,all,random_encoder,all,-0.11309523809523808
52,pretrained_encoder,all,random_encoder,all,0.026785714285714413
53,pretrained_encoder,all,random_encoder,all,0.011904761904761973
54,pretrained_encoder,all,random_encoder,all,-0.014880952380952439
55,pretrained_encoder,all,random_encoder,all,0.08333333333333326
56,pretrained_encoder,all,random_encoder,all,0.16071428571428575
57,pretrained_encoder,all,random_encoder,all,0.020833333333333315
58,pretrained_encoder,all,random_encoder,all,-0.017857142857142905
59,pretrained_encoder,all,random_encoder,all,0.07142857142857145
60,pretrained_encoder,all,random_encoder,all,0.02083333333333337
46,pretrained_encoder,all,tokens_flat,all,-0.2767857142857144
47,pretrained_encoder,all,tokens_flat,all,0.06547619047619047
48,pretrained_encoder,all,tokens_flat,all,-0.08630952380952372
49,pretrained_encoder,all,tokens_flat,all,-0.14285714285714285
50,pretrained_encoder,all,tokens_flat,all,0.023809523809523725
51,pretrained_encoder,all,tokens_flat,all,-0.05059523809523808
52,pretrained_encoder,all,tokens_flat,all,0.04761904761904767
53,pretrained_encoder,all,tokens_flat,all,-0.19047619047619047
54,pretrained_encoder,all,tokens_flat,all,-0.12202380952380942
55,pretrained_encoder,all,tokens_flat,all,0.044642857142857095
56,pretrained_encoder,all,tokens_flat,all,-0.29761904761904767
57,pretrained_encoder,all,tokens_flat,all,0.11011904761904767
58,pretrained_encoder,all,tokens_flat,all,-0.14583333333333337
59,pretrained_encoder,all,tokens_flat,all,0.044642857142857095
60,pretrained_encoder,all,tokens_flat,all,-0.13690476190476186
46,pretrained_encoder,all,csp_lda,all,-0.3511904761904763
47,pretrained_encoder,all,csp_lda,all,0.14583333333333326
48,pretrained_encoder,all,csp_lda,all,-0.30059523809523814
49,pretrained_encoder,all,csp_lda,all,-0.22321428571428575
50,pretrained_encoder,all,csp_lda,all,-0.04761904761904756
51,pretrained_encoder,all,csp_lda,all,-0.33630952380952384
52,pretrained_encoder,all,csp_lda,all,-0.10416666666666674
53,pretrained_encoder,all,csp_lda,all,-0.3095238095238094
54,pretrained_encoder,all,csp_lda,all,0.008928571428571508
55,pretrained_encoder,all,csp_lda,all,-0.0803571428571429
56,pretrained_encoder,all,csp_lda,all,-0.2410714285714286
57,pretrained_encoder,all,csp_lda,all,-0.06547619047619047
58,pretrained_encoder,all,csp_lda,all,-0.0267857142857143
59,pretrained_encoder,all,csp_lda,all,0.11904761904761907
60,pretrained_encoder,all,csp_lda,all,-0.33333333333333326
46,channel_encoder,all,random_encoder,all,0.04464285714285715
47,channel_encoder,all,random_encoder,all,-0.0625
48,channel_encoder,all,random_encoder,all,0.062499999999999944
49,channel_encoder,all,random_encoder,all,0.005952380952380931
50,channel_encoder,all,random_encoder,all,-0.11011904761904756
51,channel_encoder,all,random_encoder,all,-0.029761904761904823
52,channel_encoder,all,random_encoder,all,0.023809523809523947
53,channel_encoder,all,random_encoder,all,0.0267857142857143
54,channel_encoder,all,random_encoder,all,0.05357142857142849
55,channel_encoder,all,random_encoder,all,0.1339285714285714
56,channel_encoder,all,random_encoder,all,0.09821428571428575
57,channel_encoder,all,random_encoder,all,0.11607142857142855
58,channel_encoder,all,random_encoder,all,-0.02083333333333337
59,channel_encoder,all,random_encoder,all,0.05654761904761901
60,channel_encoder,all,random_encoder,all,-0.005952380952380931
46,channel_encoder,all,tokens_flat,all,-0.17261904761904778
47,channel_encoder,all,tokens_flat,all,-0.059523809523809534
48,channel_encoder,all,tokens_flat,all,-0.04761904761904767
49,channel_encoder,all,tokens_flat,all,-0.16666666666666663
50,channel_encoder,all,tokens_flat,all,-0.08333333333333337
51,channel_encoder,all,tokens_flat,all,0.03273809523809518
52,channel_encoder,all,tokens_flat,all,0.044642857142857206
53,channel_encoder,all,tokens_flat,all,-0.17559523809523814
54,channel_encoder,all,tokens_flat,all,-0.05357142857142849
55,channel_encoder,all,tokens_flat,all,0.09523809523809523
56,channel_encoder,all,tokens_flat,all,-0.36011904761904767
57,channel_encoder,all,tokens_flat,all,0.2053571428571429
58,channel_encoder,all,tokens_flat,all,-0.14880952380952384
59,channel_encoder,all,tokens_flat,all,0.029761904761904656
60,channel_encoder,all,tokens_flat,all,-0.16369047619047616
46,channel_encoder,all,csp_lda,all,-0.24702380952380965
47,channel_encoder,all,csp_lda,all,0.02083333333333326
48,channel_encoder,all,csp_lda,all,-0.2619047619047621
49,channel_encoder,all,csp_lda,all,-0.24702380952380953
50,channel_encoder,all,csp_lda,all,-0.15476190476190466
51,channel_encoder,all,csp_lda,all,-0.2529761904761906
52,channel_encoder,all,csp_lda,all,-0.1071428571428572
53,channel_encoder,all,csp_lda,all,-0.2946428571428571
54,channel_encoder,all,csp_lda,all,0.07738095238095244
55,channel_encoder,all,csp_lda,all,-0.029761904761904767
56,channel_encoder,all,csp_lda,all,-0.3035714285714286
57,channel_encoder,all,csp_lda,all,0.029761904761904767
58,channel_encoder,all,csp_lda,all,-0.029761904761904767
59,channel_encoder,all,csp_lda,all,0.10416666666666663
60,channel_encoder,all,csp_lda,all,-0.36011904761904756
46,random_encoder,all,random_encoder_unscaled,all,-0.10119047619047622
47,random_encoder,all,random_encoder_unscaled,all,0.017857142857142905
48,random_encoder,all,random_encoder_unscaled,all,-0.03869047619047622
49,random_encoder,all,random_encoder_unscaled,all,-0.13988095238095244
50,random_encoder,all,random_encoder_unscaled,all,0.014880952380952328
51,random_encoder,all,random_encoder_unscaled,all,-0.014880952380952384
52,random_encoder,all,random_encoder_unscaled,all,0.014880952380952328
53,random_encoder,all,random_encoder_unscaled,all,0.011904761904761973
54,random_encoder,all,random_encoder_unscaled,all,0.0029761904761905766
55,random_encoder,all,random_encoder_unscaled,all,0.059523809523809534
56,random_encoder,all,random_encoder_unscaled,all,-0.05059523809523814
57,random_encoder,all,random_encoder_unscaled,all,-0.08630952380952378
58,random_encoder,all,random_encoder_unscaled,all,-0.03571428571428559
59,random_encoder,all,random_encoder_unscaled,all,-0.002976190476190521
60,random_encoder,all,random_encoder_unscaled,all,-0.023809523809523836
46,pretrained_encoder,all,pretrained_encoder_unscaled,all,0.005952380952380987
47,pretrained_encoder,all,pretrained_encoder_unscaled,all,-0.017857142857142794
48,pretrained_encoder,all,pretrained_encoder_unscaled,all,-0.03273809523809512
49,pretrained_encoder,all,pretrained_encoder_unscaled,all,-0.0803571428571429
50,pretrained_encoder,all,pretrained_encoder_unscaled,all,0.0357142857142857
51,pretrained_encoder,all,pretrained_encoder_unscaled,all,-0.1517857142857143
52,pretrained_encoder,all,pretrained_encoder_unscaled,all,0.017857142857142905
53,pretrained_encoder,all,pretrained_encoder_unscaled,all,0.08928571428571436
54,pretrained_encoder,all,pretrained_encoder_unscaled,all,0.011904761904761862
55,pretrained_encoder,all,pretrained_encoder_unscaled,all,-0.0803571428571429
56,pretrained_encoder,all,pretrained_encoder_unscaled,all,0.04464285714285715
57,pretrained_encoder,all,pretrained_encoder_unscaled,all,-0.02976190476190471
58,pretrained_encoder,all,pretrained_encoder_unscaled,all,-0.014880952380952328
59,pretrained_encoder,all,pretrained_encoder_unscaled,all,0.08928571428571425
60,pretrained_encoder,all,pretrained_encoder_unscaled,all,0.08333333333333337
46,channel_encoder,all,channel_encoder_unscaled,all,0.08928571428571425
47,channel_encoder,all,channel_encoder_unscaled,all,-0.1428571428571428
48,channel_encoder,all,channel_encoder_unscaled,all,0.0029761904761903546
49,channel_encoder,all,channel_encoder_unscaled,all,-0.041666666666666685
50,channel_encoder,all,channel_encoder_unscaled,all,-0.0714285714285714
51,channel_encoder,all,channel_encoder_unscaled,all,-0.08333333333333337
52,channel_encoder,all,channel_encoder_unscaled,all,0.032738095238095344
53,channel_encoder,all,channel_encoder_unscaled,all,0.13392857142857145
54,channel_encoder,all,channel_encoder_unscaled,all,0.0803571428571428
55,channel_encoder,all,channel_encoder_unscaled,all,-0.005952380952380931
56,channel_encoder,all,channel_encoder_unscaled,all,0.026785714285714357
57,channel_encoder,all,channel_encoder_unscaled,all,0.04464285714285715
58,channel_encoder,all,channel_encoder_unscaled,all,-0.00297619047619041
59,channel_encoder,all,channel_encoder_unscaled,all,0.07440476190476181
60,channel_encoder,all,channel_encoder_unscaled,all,-0.0535714285714286
