subject,model,budget,balanced_accuracy,roc_auc,cohen_kappa
46,bandpower,10,0.5369047619047619,0.5541666666666666,0.06901486719374254
46,bandpower,5,0.519047619047619,0.46428571428571425,0.03318688563265033
46,bandpower,all,0.6011904761904762,0.5773809523809524,0.19302437515041082
46,channel_encoder,10,0.40327380952380953,0.3541666666666667,-0.19507258337504488
46,channel_encoder,5,0.44166666666666665,0.4255952380952381,-0.11899402815075932
46,channel_encoder,all,0.38690476190476186,0.3273809523809524,-0.2283873288115582
46,channel_encoder_unscaled,all,0.2976190476190476,0.31547619047619047,-0.4095386997373973
46,csp_lda,10,0.5297619047619048,0.6529761904761905,0.056243013313377714
46,csp_lda,5,0.53125,0.5648809523809524,0.061511351422985555
46,csp_lda,all,0.6339285714285715,0.7202380952380952,0.2691223748967948
46,majority,10,0.5,0.5,0.0
46,majority,5,0.5,0.5,0.0
46,majority,all,0.5,0.5,0.0
46,pretrained_encoder,10,0.39285714285714285,0.31607142857142856,-0.21443663518635583
46,pretrained_encoder,5,0.4455357142857143,0.4154761904761905,-0.11070990738193011
46,pretrained_encoder,all,0.28273809523809523,0.23809523809523805,-0.43358575967271634
46,pretrained_encoder_unscaled,all,0.27678571428571425,0.2916666666666667,-0.452740956834911
46,random_encoder,10,0.3976190476190476,0.3732142857142857,-0.206988338867203
46,random_encoder,5,0.4761904761904763,0.4601190476190476,-0.04837925942993671
46,random_encoder,all,0.3422619047619047,0.30952380952380953,-0.32013044807761326
46,random_encoder_unscaled,all,0.44345238095238093,0.36904761904761907,-0.11903347197464842
46,stft_flat,10,0.4589285714285714,0.42738095238095236,-0.0831539715522339
46,stft_flat,5,0.4505952380952381,0.43273809523809526,-0.10010129318864429
46,stft_flat,all,0.4910714285714286,0.4226190476190476,-0.017285758665069022
46,tokens_flat,10,0.50625,0.5107142857142857,0.011307984968473484
46,tokens_flat,5,0.4851190476190476,0.4982142857142857,-0.03058089606584428
46,tokens_flat,all,0.5595238095238096,0.5178571428571428,0.11717896386088604
47,bandpower,10,0.4285714285714286,0.38749999999999996,-0.1406224744415749
47,bandpower,5,0.47767857142857145,0.48154761904761906,-0.04643239137662786
47,bandpower,all,0.42559523809523814,0.3452380952380952,-0.1470604410713304
47,channel_encoder,10,0.5630952380952382,0.5547619047619048,0.1269982469103366
47,channel_encoder,5,0.525892857142857,0.5535714285714285,0.05204190394774192
47,channel_encoder,all,0.5357142857142857,0.5476190476190476,0.07204770820331463
47,channel_encoder_unscaled,all,0.6785714285714285,0.6428571428571429,0.3642180785965799
47,csp_lda,10,0.5232142857142857,0.5357142857142857,0.04585409951472527
47,csp_lda,5,0.5020833333333333,0.519047619047619,0.0034429249117678812
47,csp_lda,all,0.5148809523809524,0.5297619047619048,0.03031385697795852
47,majority,10,0.5,0.5,0.0
47,majority,5,0.5,0.5,0.0
47,majority,all,0.5,0.5,0.0
47,pretrained_encoder,10,0.6035714285714285,0.594047619047619,0.20711022099428722
47,pretrained_encoder,5,0.5803571428571429,0.5904761904761905,0.16058745429259688
47,pretrained_encoder,all,0.6607142857142857,0.6428571428571428,0.32247633261636166
47,pretrained_encoder_unscaled,all,0.6785714285714285,0.6428571428571428,0.3642180785965799
47,random_encoder,10,0.5764880952380952,0.5738095238095238,0.15526137964311243
47,random_encoder,5,0.5604166666666667,0.5785714285714285,0.12033103629883506
47,random_encoder,all,0.5982142857142857,0.6130952380952381,0.19769967596054552
47,random_encoder_unscaled,all,0.5803571428571428,0.625,0.1661051212938005
47,stft_flat,10,0.5157738095238096,0.5375,0.03194545662150645
47,stft_flat,5,0.5288690476190476,0.5517857142857143,0.059260261133126824
47,stft_flat,all,0.511904761904762,0.5297619047619047,0.024891216321118497
47,tokens_flat,10,0.5642857142857143,0.5988095238095238,0.12956750758676444
47,tokens_flat,5,0.5529761904761905,0.5523809523809523,0.10575859137426363
47,tokens_flat,all,0.5952380952380952,0.6071428571428571,0.18744609111581592
48,bandpower,10,0.6392857142857143,0.6940476190476191,0.27796108610430353
48,bandpower,5,0.5964285714285714,0.6315476190476191,0.18864517137403822
48,bandpower,all,0.6428571428571429,0.7142857142857143,0.2851310333034073
48,channel_encoder,10,0.5360119047619047,0.5190476190476191,0.07300489155496877
48,channel_encoder,5,0.47470238095238093,0.5291666666666667,-0.04883782260380076
48,channel_encoder,all,0.5476190476190476,0.5357142857142857,0.0937444621655148
48,channel_encoder_unscaled,all,0.5446428571428572,0.5952380952380952,0.08539151476893125
48,csp_lda,10,0.7485119047619048,0.9160714285714286,0.49136659037217617
48,csp_lda,5,0.6642857142857143,0.750595238095238,0.3244697890232542
48,csp_lda,all,0.8095238095238096,0.9404761904761906,0.6078998227947042
48,majority,10,0.5,0.5,0.0
48,majority,5,0.5,0.5,0.0
48,majority,all,0.5,0.5,0.0
48,pretrained_encoder,10,0.5398809523809525,0.5351190476190476,0.07978369265767328
48,pretrained_encoder,5,0.513095238095238,0.5255952380952381,0.028412490299659157
48,pretrained_encoder,all,0.5089285714285715,0.5535714285714286,0.01780731426749127
48,pretrained_encoder_unscaled,all,0.5416666666666666,0.5952380952380952,0.0808543096872616
48,random_encoder,10,0.4803571428571429,0.48095238095238096,-0.0397754353882194
48,random_encoder,5,0.46547619047619043,0.4511904761904762,-0.06853766161776699
48,random_encoder,all,0.4851190476190476,0.511904761904762,-0.030513734053557024
48,random_encoder_unscaled,all,0.5238095238095238,0.5892857142857143,0.04400832589949447
48,stft_flat,10,0.5452380952380952,0.6279761904761905,0.09034225579780697
48,stft_flat,5,0.5666666666666668,0.5833333333333334,0.1309170660989897
48,stft_flat,all,0.5595238095238095,0.6488095238095237,0.11954975570536212
48,tokens_flat,10,0.5839285714285714,0.6119047619047618,0.16973199065438416
48,tokens_flat,5,0.5550595238095238,0.5476190476190476,0.11053462882965844
48,tokens_flat,all,0.5952380952380952,0.6785714285714285,0.19240669240669242
49,bandpower,10,0.5815476190476191,0.6773809523809525,0.1611036833116792
49,bandpower,5,0.5446428571428571,0.5857142857142857,0.08732999911445934
49,bandpower,all,0.6517857142857143,0.7440476190476191,0.29813758534266704
49,channel_encoder,10,0.4273809523809524,0.3994047619047619,-0.14568822238495963
49,channel_encoder,5,0.45714285714285713,0.4380952380952381,-0.08787933669620208
49,channel_encoder,all,0.375,0.36904761904761907,-0.251778093883357
49,channel_encoder_unscaled,all,0.4166666666666667,0.5535714285714285,-0.1648357229929762
49,csp_lda,10,0.5779761904761904,0.705952380952381,0.15518632345583272
49,csp_lda,5,0.5767857142857143,0.6863095238095238,0.15193380374807341
49,csp_lda,all,0.6220238095238095,0.9047619047619048,0.2369907820398454
49,majority,10,0.5,0.5,0.0
49,majority,5,0.5,0.5,0.0
49,majority,all,0.5,0.5,0.0
49,pretrained_encoder,10,0.42410714285714285,0.43571428571428567,-0.15096400655635178
49,pretrained_encoder,5,0.4452380952380952,0.444047619047619,-0.11057645278536286
49,pretrained_encoder,all,0.3988095238095238,0.3988095238095238,-0.2000762518003897
49,pretrained_encoder_unscaled,all,0.4791666666666667,0.5416666666666666,-0.04363291863291866
49,random_encoder,10,0.42857142857142855,0.4142857142857143,-0.14223187388859146
49,random_encoder,5,0.4556547619047619,0.4577380952380952,-0.08889405586154082
49,random_encoder,all,0.36904761904761907,0.3869047619047619,-0.26535626535626533
49,random_encoder_unscaled,all,0.5089285714285715,0.6011904761904762,0.015594541910331383
49,stft_flat,10,0.5556547619047619,0.5851190476190476,0.11365414691118479
49,stft_flat,5,0.5190476190476191,0.5720238095238095,0.03949679945094802
49,stft_flat,all,0.5744047619047619,0.6666666666666666,0.1542031085580224
49,tokens_flat,10,0.47827380952380955,0.4702380952380952,-0.04004959489049295
49,tokens_flat,5,0.47380952380952385,0.4672619047619047,-0.0499376449214979
49,tokens_flat,all,0.5416666666666666,0.49404761904761907,0.08436957779063044
50,bandpower,10,0.46249999999999997,0.43571428571428567,-0.0759579721379082
50,bandpower,5,0.4443452380952381,0.44999999999999996,-0.11064741393450968
50,bandpower,all,0.5148809523809524,0.3988095238095238,0.02982934965401259
50,channel_encoder,10,0.5470238095238095,0.6422619047619048,0.09415677471528212
50,channel_encoder,5,0.5639880952380952,0.6583333333333333,0.12664987976186784
50,channel_encoder,all,0.5178571428571429,0.6666666666666666,0.029880421507086696
50,channel_encoder_unscaled,all,0.5892857142857143,0.7321428571428572,0.1766201163626029
50,csp_lda,10,0.5687500000000001,0.6625,0.13793244813085945
50,csp_lda,5,0.5389880952380953,0.6660714285714286,0.07685238912850326
50,csp_lda,all,0.6726190476190476,0.7797619047619048,0.35322451831885787
50,majority,10,0.5,0.5,0.0
50,majority,5,0.5,0.5,0.0
50,majority,all,0.5,0.5,0.0
50,pretrained_encoder,10,0.6011904761904763,0.6892857142857144,0.20079264590355497
50,pretrained_encoder,5,0.5547619047619047,0.6416666666666667,0.10931851900382288
50,pretrained_encoder,all,0.625,0.7559523809523809,0.24538911381016645
50,pretrained_encoder_unscaled,all,0.5892857142857143,0.7440476190476191,0.1766201163626029
50,random_encoder,10,0.6300595238095238,0.7119047619047619,0.2564016649907405
50,random_encoder,5,0.5776785714285714,0.655952380952381,0.1540559922030824
50,random_encoder,all,0.6279761904761905,0.7261904761904762,0.24783256454576763
50,random_encoder_unscaled,all,0.6130952380952381,0.7261904761904762,0.22418879056047195
50,stft_flat,10,0.5785714285714286,0.6047619047619048,0.15733489929756683
50,stft_flat,5,0.5502976190476191,0.5839285714285715,0.10139216917079354
50,stft_flat,all,0.5357142857142857,0.6428571428571428,0.07153115088606472
50,tokens_flat,10,0.5863095238095238,0.656547619047619,0.1719796449187767
50,tokens_flat,5,0.5601190476190476,0.6255952380952381,0.12022266705183492
50,tokens_flat,all,0.6011904761904763,0.6547619047619048,0.20313648101106377
51,bandpower,10,0.5136904761904761,0.5327380952380952,0.029226930902060546
51,bandpower,5,0.48601190476190476,0.5017857142857143,-0.030106553165366506
51,bandpower,all,0.4851190476190476,0.5357142857142857,-0.030806507442021513
51,channel_encoder,10,0.4895833333333333,0.469047619047619,-0.02072088225492849
51,channel_encoder,5,0.4875,0.5035714285714286,-0.024542623348575168
51,channel_encoder,all,0.4553571428571428,0.43452380952380953,-0.08863040629095664
51,channel_encoder_unscaled,all,0.5386904761904762,0.5238095238095237,0.07929997265518181
51,csp_lda,10,0.6354166666666666,0.7220238095238095,0.27363488708523764
51,csp_lda,5,0.6220238095238095,0.6779761904761904,0.2476473723616963
51,csp_lda,all,0.7083333333333334,0.75,0.4184487362460292
51,majority,10,0.5,0.5,0.0
51,majority,5,0.5,0.5,0.0
51,majority,all,0.5,0.5,0.0
51,pretrained_encoder,10,0.46607142857142864,0.41785714285714287,-0.06763709559708786
51,pretrained_encoder,5,0.4785714285714286,0.47261904761904755,-0.043340795711754525
51,pretrained_encoder,all,0.37202380952380953,0.38095238095238093,-0.258116883116883
51,pretrained_encoder_unscaled,all,0.5238095238095238,0.5297619047619048,0.05581100364674171
51,random_encoder,10,0.4755952380952381,0.45178571428571423,-0.048204603775979314
51,random_encoder,5,0.48214285714285715,0.4916666666666667,-0.035744735053117496
51,random_encoder,all,0.4851190476190476,0.45833333333333326,-0.029065519201104156
51,random_encoder_unscaled,all,0.5,0.5773809523809524,0.0
51,stft_flat,10,0.5261904761904762,0.5851190476190476,0.05322510790121667
51,stft_flat,5,0.5220238095238096,0.5797619047619048,0.0451793057241571
51,stft_flat,all,0.5089285714285715,0.5892857142857143,0.016700494961364536
51,tokens_flat,10,0.4288690476190476,0.40059523809523806,-0.14082707977081663
51,tokens_flat,5,0.46398809523809526,0.456547619047619,-0.07409848352022759
51,tokens_flat,all,0.4226190476190476,0.3511904761904761,-0.15444862155388464
52,bandpower,10,0.5154761904761905,0.47380952380952374,0.031227518160412842
52,bandpower,5,0.4758928571428571,0.46428571428571425,-0.05046236790469224
52,bandpower,all,0.49404761904761907,0.4464285714285714,-0.012690702956189681
52,channel_encoder,10,0.5815476190476191,0.613095238095238,0.1615968060433068
52,channel_encoder,5,0.5845238095238096,0.6154761904761905,0.16712015886394752
52,channel_encoder,all,0.5773809523809524,0.5892857142857143,0.15371123335725104
52,channel_encoder_unscaled,all,0.5446428571428571,0.625,0.09138679151669331
52,csp_lda,10,0.6157738095238096,0.682142857142857,0.23152365326141688
52,csp_lda,5,0.5672619047619047,0.6345238095238095,0.13425748621734032
52,csp_lda,all,0.6845238095238096,0.7321428571428571,0.3717532467532467
52,majority,10,0.5,0.5,0.0
52,majority,5,0.5,0.5,0.0
52,majority,all,0.5,0.5,0.0
52,pretrained_encoder,10,0.5827380952380952,0.593452380952381,0.16316650550356593
52,pretrained_encoder,5,0.5794642857142858,0.6178571428571429,0.1576695428185387
52,pretrained_encoder,all,0.5803571428571429,0.5357142857142857,0.15925044913167874
52,pretrained_encoder_unscaled,all,0.5625,0.6190476190476191,0.12839403206375688
52,random_encoder,10,0.6261904761904762,0.6803571428571429,0.24903075969114222
52,random_encoder,5,0.6443452380952381,0.6607142857142857,0.2867507442488653
52,random_encoder,all,0.5535714285714285,0.6845238095238094,0.10384068278805121
52,random_encoder_unscaled,all,0.5386904761904762,0.5654761904761905,0.08002038735983696
52,stft_flat,10,0.5800595238095237,0.613095238095238,0.15821664297551105
52,stft_flat,5,0.5666666666666668,0.5874999999999999,0.13064710852291359
52,stft_flat,all,0.5714285714285715,0.613095238095238,0.14374901217006478
52,tokens_flat,10,0.5741071428571428,0.6029761904761904,0.14674459002094636
52,tokens_flat,5,0.5741071428571428,0.6035714285714285,0.14781384760435762
52,tokens_flat,all,0.5327380952380952,0.5535714285714285,0.06621435350476794
53,bandpower,10,0.7735119047619049,0.8904761904761904,0.5546460856346158
53,bandpower,5,0.6675595238095239,0.7517857142857144,0.3393845037725649
53,bandpower,all,0.8363095238095238,0.9464285714285715,0.6822276822276822
53,channel_encoder,10,0.5485119047619048,0.5773809523809524,0.09847666496324385
53,channel_encoder,5,0.5008928571428571,0.518452380952381,0.003346041126085164
53,channel_encoder,all,0.5922619047619048,0.5476190476190476,0.19040721068726874
53,channel_encoder_unscaled,all,0.4583333333333333,0.4880952380952381,-0.08012170385395538
53,csp_lda,10,0.825595238095238,0.9589285714285714,0.6521641791495739
53,csp_lda,5,0.7291666666666666,0.9220238095238095,0.4595983318906254
53,csp_lda,all,0.8869047619047619,0.9761904761904763,0.7738897458796785
53,majority,10,0.5,0.5,0.0
53,majority,5,0.5,0.5,0.0
53,majority,all,0.5,0.5,0.0
53,pretrained_encoder,10,0.549702380952381,0.5559523809523809,0.10024098929035911
53,pretrained_encoder,5,0.5160714285714285,0.5190476190476191,0.03329847666836682
53,pretrained_encoder,all,0.5773809523809524,0.5535714285714285,0.155377302436126
53,pretrained_encoder_unscaled,all,0.4880952380952381,0.4047619047619048,-0.02369289646588187
53,random_encoder,10,0.556547619047619,0.5714285714285714,0.11413746879268255
53,random_encoder,5,0.5238095238095238,0.5386904761904762,0.04748509012321469
53,random_encoder,all,0.5654761904761905,0.5714285714285714,0.13061291379875448
53,random_encoder_unscaled,all,0.5535714285714285,0.5357142857142857,0.10269486525673717
53,stft_flat,10,0.6089285714285714,0.7321428571428572,0.2169915227150985
53,stft_flat,5,0.5794642857142858,0.6297619047619047,0.15569332928445062
53,stft_flat,all,0.5892857142857143,0.7559523809523809,0.17839105339105343
53,tokens_flat,10,0.669345238095238,0.7827380952380952,0.34207917019490974
53,tokens_flat,5,0.6139880952380953,0.6898809523809524,0.22814871940465467
53,tokens_flat,all,0.7678571428571429,0.9107142857142857,0.5419342907660665
54,bandpower,10,0.8267857142857142,0.9249999999999999,0.6633335468197853
54,bandpower,5,0.7642857142857142,0.8946428571428572,0.537679071910086
54,bandpower,all,0.8571428571428572,0.9464285714285715,0.7264311851467816
54,channel_encoder,10,0.7050595238095237,0.7928571428571428,0.41136936703718496
54,channel_encoder,5,0.6211309523809524,0.6994047619047619,0.24328511290798524
54,channel_encoder,all,0.7559523809523809,0.8154761904761904,0.509288049111058
54,channel_encoder_unscaled,all,0.6755952380952381,0.75,0.358492732324508
54,csp_lda,10,0.6964285714285715,0.8333333333333334,0.3933713155261385
54,csp_lda,5,0.675297619047619,0.780952380952381,0.3542230030329339
54,csp_lda,all,0.6785714285714285,0.8095238095238094,0.3597243537660619
54,majority,10,0.5,0.5,0.0
54,majority,5,0.5,0.5,0.0
54,majority,all,0.5,0.5,0.0
54,pretrained_encoder,10,0.6583333333333333,0.7827380952380952,0.3143025051160184
54,pretrained_encoder,5,0.6062500000000001,0.7107142857142857,0.21141168359462723
54,pretrained_encoder,all,0.6875,0.8273809523809524,0.3735252393478617
54,pretrained_encoder_unscaled,all,0.6755952380952381,0.7619047619047619,0.358492732324508
54,random_encoder,10,0.6749999999999999,0.7392857142857142,0.35382171859955863
54,random_encoder,5,0.6446428571428572,0.6857142857142856,0.2933236920015457
54,random_encoder,all,0.7023809523809524,0.7559523809523809,0.4085156585156586
54,random_encoder_unscaled,all,0.6994047619047619,0.7678571428571428,0.40695240695240703
54,stft_flat,10,0.749702380952381,0.9095238095238095,0.5016598801813239
54,stft_flat,5,0.6547619047619048,0.7857142857142857,0.3103946473947395
54,stft_flat,all,0.75,0.9345238095238094,0.5007852224430851
54,tokens_flat,10,0.8032738095238096,0.9404761904761904,0.6150701123659629
54,tokens_flat,5,0.6877976190476192,0.8011904761904761,0.37975769135057297
54,tokens_flat,all,0.8095238095238094,0.9880952380952381,0.6287404612878333
55,bandpower,10,0.6580357142857143,0.8107142857142856,0.3169279547497728
55,bandpower,5,0.6223214285714286,0.6839285714285714,0.24463700911026262
55,bandpower,all,0.6011904761904762,0.8690476190476191,0.2037972820487662
55,channel_encoder,10,0.6327380952380953,0.7041666666666666,0.26403093861477184
55,channel_encoder,5,0.6139880952380953,0.6660714285714285,0.22784482225819844
55,channel_encoder,all,0.6934523809523809,0.7202380952380952,0.3854023515040465
55,channel_encoder_unscaled,all,0.6994047619047619,0.7619047619047619,0.39627039627039634
55,csp_lda,10,0.7479166666666667,0.8922619047619048,0.49826057182230143
55,csp_lda,5,0.7038690476190478,0.8345238095238096,0.4087526259299083
55,csp_lda,all,0.7232142857142857,0.8988095238095237,0.4541910331384016
55,majority,10,0.5,0.5,0.0
55,majority,5,0.5,0.5,0.0
55,majority,all,0.5,0.5,0.0
55,pretrained_encoder,10,0.6157738095238096,0.6678571428571428,0.22934441079294374
55,pretrained_encoder,5,0.5669642857142857,0.6279761904761904,0.13293057944907036
55,pretrained_encoder,all,0.6428571428571428,0.7202380952380952,0.2833217833217833
55,pretrained_encoder_unscaled,all,0.7232142857142857,0.8035714285714285,0.4362221544095209
55,random_encoder,10,0.6095238095238095,0.7178571428571429,0.21796735754755747
55,random_encoder,5,0.6181547619047619,0.6321428571428571,0.23460283266012139
55,random_encoder,all,0.5595238095238095,0.7678571428571428,0.12192463771306854
55,random_encoder_unscaled,all,0.5,0.5059523809523809,-0.0018966334755808518
55,stft_flat,10,0.5273809523809524,0.5380952380952381,0.05493978039929062
55,stft_flat,5,0.5074404761904762,0.525,0.015719715803435674
55,stft_flat,all,0.5327380952380952,0.5595238095238094,0.06806428725233064
55,tokens_flat,10,0.6330357142857143,0.6934523809523809,0.2664272162496749
55,tokens_flat,5,0.6107142857142858,0.6619047619047619,0.22014408896091642
55,tokens_flat,all,0.5982142857142857,0.7083333333333334,0.19597982791042226
56,bandpower,10,0.8681547619047619,0.9583333333333334,0.7427804746842833
56,bandpower,5,0.7324404761904763,0.8184523809523809,0.4640506443513252
56,bandpower,all,0.9047619047619048,1.0,0.8190008190008191
56,channel_encoder,10,0.3869047619047619,0.3601190476190476,-0.2233833022287537
56,channel_encoder,5,0.45863095238095236,0.41964285714285715,-0.08250125077748806
56,channel_encoder,all,0.37202380952380953,0.26785714285714285,-0.2510934798087682
56,channel_encoder_unscaled,all,0.3452380952380952,0.31547619047619047,-0.3039695841294892
56,csp_lda,10,0.7380952380952381,0.8684523809523809,0.4719109778060467
56,csp_lda,5,0.6779761904761905,0.7886904761904762,0.35081018036694145
56,csp_lda,all,0.6755952380952381,0.8214285714285715,0.3438469102185917
56,majority,10,0.5,0.5,0.0
56,majority,5,0.5,0.5,0.0
56,majority,all,0.5,0.5,0.0
56,pretrained_encoder,10,0.4383928571428572,0.45,-0.12153684111571635
56,pretrained_encoder,5,0.4613095238095238,0.41011904761904755,-0.07855185240512812
56,pretrained_encoder,all,0.43452380952380953,0.4047619047619048,-0.13143027059173362
56,pretrained_encoder_unscaled,all,0.3898809523809524,0.30952380952380953,-0.21701306239035878
56,random_encoder,10,0.40416666666666673,0.3607142857142857,-0.18829103854202234
56,random_encoder,5,0.45595238095238094,0.4196428571428572,-0.08643675991335786
56,random_encoder,all,0.2738095238095238,0.23214285714285712,-0.4496549876063509
56,random_encoder_unscaled,all,0.3244047619047619,0.3333333333333333,-0.34313779378623327
56,stft_flat,10,0.43184523809523817,0.3821428571428571,-0.13654551601373874
56,stft_flat,5,0.49523809523809526,0.46249999999999997,-0.010180524123961537
56,stft_flat,all,0.3422619047619047,0.3273809523809524,-0.3127394159081705
56,tokens_flat,10,0.6386904761904763,0.719047619047619,0.27941491192619516
56,tokens_flat,5,0.6035714285714285,0.6208333333333333,0.20628395019111911
56,tokens_flat,all,0.7321428571428572,0.8214285714285715,0.4657951697425382
57,bandpower,10,0.5145833333333333,0.5511904761904761,0.02876151916255586
57,bandpower,5,0.5139880952380952,0.4863095238095238,0.028081784226014234
57,bandpower,all,0.6607142857142857,0.5833333333333334,0.32571873390457456
57,channel_encoder,10,0.5056547619047619,0.5017857142857143,0.010421602480092482
57,channel_encoder,5,0.5011904761904762,0.4970238095238095,-0.001357287094893379
57,channel_encoder,all,0.5297619047619048,0.5,0.05533596837944669
57,channel_encoder_unscaled,all,0.4851190476190476,0.46428571428571425,-0.030806507442021513
57,csp_lda,10,0.4699404761904762,0.45059523809523805,-0.06141899762052522
57,csp_lda,5,0.48035714285714287,0.48809523809523797,-0.04025505639368863
57,csp_lda,all,0.5,0.6130952380952381,0.0007381630285774691
57,majority,10,0.5,0.5,0.0
57,majority,5,0.5,0.5,0.0
57,majority,all,0.5,0.5,0.0
57,pretrained_encoder,10,0.5,0.46488095238095234,-4.2786992811886616e-05
57,pretrained_encoder,5,0.4863095238095238,0.4672619047619047,-0.028682292981096466
57,pretrained_encoder,all,0.43452380952380953,0.4166666666666667,-0.13185913185913178
57,pretrained_encoder_unscaled,all,0.46428571428571425,0.42857142857142855,-0.07207207207207207
57,random_encoder,10,0.47291666666666665,0.42738095238095236,-0.05537815394619255
57,random_encoder,5,0.4767857142857143,0.4523809523809524,-0.04776993046994161
57,random_encoder,all,0.4136904761904762,0.41071428571428575,-0.17400586427135104
57,random_encoder_unscaled,all,0.5,0.5059523809523809,0.0
57,stft_flat,10,0.4217261904761905,0.3607142857142857,-0.15576751479693643
57,stft_flat,5,0.4675595238095238,0.4071428571428572,-0.06692386176484405
57,stft_flat,all,0.47321428571428575,0.30357142857142855,-0.05697698041005935
57,tokens_flat,10,0.41041666666666665,0.38273809523809527,-0.17986820650722954
57,tokens_flat,5,0.4556547619047619,0.44940476190476186,-0.09038819978569597
57,tokens_flat,all,0.32440476190476186,0.30357142857142855,-0.35476810362131456
58,bandpower,10,0.5467261904761904,0.5922619047619048,0.09164674730194616
58,bandpower,5,0.5220238095238096,0.5517857142857143,0.04384646136567897
58,bandpower,all,0.5714285714285715,0.6666666666666666,0.14319122144270557
58,channel_encoder,10,0.49583333333333335,0.4583333333333333,-0.007640588202539051
58,channel_encoder,5,0.4675595238095238,0.4363095238095238,-0.062147886650276755
58,channel_encoder,all,0.4910714285714286,0.5,-0.01706970128022763
58,channel_encoder_unscaled,all,0.494047619047619,0.4761904761904761,-0.012572205232755632
58,csp_lda,10,0.5279761904761905,0.5815476190476191,0.05539204076087029
58,csp_lda,5,0.5276785714285714,0.5714285714285714,0.055387171160061255
58,csp_lda,all,0.5208333333333334,0.613095238095238,0.03921568627450981
58,majority,10,0.5,0.5,0.0
58,majority,5,0.5,0.5,0.0
58,majority,all,0.5,0.5,0.0
58,pretrained_encoder,10,0.5092261904761904,0.49404761904761907,0.01945273979084704
58,pretrained_encoder,5,0.4699404761904762,0.4696428571428571,-0.057902686115207984
58,pretrained_encoder,all,0.49404761904761907,0.49404761904761907,-0.010756089844985772
58,pretrained_encoder_unscaled,all,0.5089285714285714,0.48214285714285715,0.01846294549715625
58,random_encoder,10,0.5264880952380953,0.5327380952380952,0.054036216176096656
58,random_encoder,5,0.4919642857142857,0.49166666666666664,-0.014905211884063303
58,random_encoder,all,0.511904761904762,0.5416666666666666,0.025302283922973585
58,random_encoder_unscaled,all,0.5476190476190476,0.5773809523809523,0.09968847352024919
58,stft_flat,10,0.45595238095238094,0.4321428571428571,-0.08808794380570584
58,stft_flat,5,0.47767857142857145,0.44940476190476186,-0.04415914074332927
58,stft_flat,all,0.4583333333333333,0.4761904761904762,-0.08364917997945516
58,tokens_flat,10,0.5461309523809524,0.5636904761904762,0.0934712061662385
58,tokens_flat,5,0.49523809523809526,0.5041666666666667,-0.006469121290081581
58,tokens_flat,all,0.6398809523809524,0.6488095238095238,0.2862829028932361
59,bandpower,10,0.56875,0.6595238095238095,0.13568241270391673
59,bandpower,5,0.5565476190476191,0.6053571428571428,0.11190375270395003
59,bandpower,all,0.6220238095238095,0.7142857142857143,0.24342681239232963
59,channel_encoder,10,0.5413690476190477,0.6083333333333333,0.0799575634649172
59,channel_encoder,5,0.5291666666666667,0.506547619047619,0.0568520361726981
59,channel_encoder,all,0.5535714285714285,0.6547619047619048,0.1067829515332539
59,channel_encoder_unscaled,all,0.4791666666666667,0.4702380952380952,-0.04402515723270439
59,csp_lda,10,0.4880952380952381,0.494047619047619,-0.02281489781576085
59,csp_lda,5,0.48244047619047614,0.5220238095238096,-0.035058771670609064
59,csp_lda,all,0.44940476190476186,0.4166666666666667,-0.10193379219927896
59,majority,10,0.5,0.5,0.0
59,majority,5,0.5,0.5,0.0
59,majority,all,0.5,0.5,0.0
59,pretrained_encoder,10,0.5014880952380952,0.5488095238095237,0.0004217024506869375
59,pretrained_encoder,5,0.49107142857142855,0.4702380952380952,-0.019731836412829825
59,pretrained_encoder,all,0.5684523809523809,0.6071428571428571,0.13993804360776843
59,pretrained_encoder_unscaled,all,0.4791666666666667,0.4047619047619047,-0.04402515723270439
59,random_encoder,10,0.48154761904761906,0.5208333333333334,-0.04081336909997704
59,random_encoder,5,0.45476190476190476,0.44880952380952377,-0.09264907240579952
59,random_encoder,all,0.4970238095238095,0.5714285714285715,-0.006734006734006703
59,random_encoder_unscaled,all,0.5,0.3988095238095238,0.0
59,stft_flat,10,0.44136904761904755,0.4261904761904762,-0.11800794709650593
59,stft_flat,5,0.4220238095238096,0.41964285714285715,-0.15500578694283748
59,stft_flat,all,0.43154761904761907,0.41071428571428575,-0.14023114023114022
59,tokens_flat,10,0.5005952380952381,0.5029761904761904,-2.4291347875529667e-05
59,tokens_flat,5,0.469047619047619,0.4386904761904762,-0.06258364156934133
59,tokens_flat,all,0.5238095238095238,0.6011904761904762,0.04537081746159488
60,bandpower,10,0.65625,0.7464285714285714,0.3124928185645419
60,bandpower,5,0.5922619047619048,0.6458333333333334,0.18663626897007743
60,bandpower,all,0.6904761904761906,0.8214285714285715,0.3778123009958083
60,channel_encoder,10,0.47261904761904766,0.4869047619047619,-0.055389699949401794
60,channel_encoder,5,0.5011904761904762,0.47202380952380946,-0.0002661299201581387
60,channel_encoder,all,0.5059523809523809,0.5119047619047619,0.01016060308095701
60,channel_encoder_unscaled,all,0.5595238095238095,0.5654761904761905,0.12021267529354192
60,csp_lda,10,0.7136904761904762,0.7982142857142857,0.4279944921535641
60,csp_lda,5,0.6494047619047619,0.7148809523809524,0.29897702646332
60,csp_lda,all,0.8660714285714285,0.9404761904761906,0.7329258778373823
60,majority,10,0.5,0.5,0.0
60,majority,5,0.5,0.5,0.0
60,majority,all,0.5,0.5,0.0
60,pretrained_encoder,10,0.48065476190476186,0.48154761904761906,-0.03893979352695292
60,pretrained_encoder,5,0.47500000000000003,0.46547619047619043,-0.049958125306883615
60,pretrained_encoder,all,0.5327380952380952,0.5297619047619048,0.0666610210159349
60,pretrained_encoder_unscaled,all,0.44940476190476186,0.5,-0.09975530329512627
60,random_encoder,10,0.4532738095238095,0.4660714285714285,-0.09248641376966926
60,random_encoder,5,0.48214285714285715,0.46309523809523806,-0.03631007164494172
60,random_encoder,all,0.5119047619047619,0.4880952380952381,0.02412280701754388
60,random_encoder_unscaled,all,0.5357142857142857,0.5178571428571428,0.07367250486516548
60,stft_flat,10,0.5660714285714286,0.6202380952380953,0.13558812847826648
60,stft_flat,5,0.5068452380952381,0.5565476190476191,0.013268492867921804
60,stft_flat,all,0.5863095238095238,0.6547619047619048,0.17985448487892117
60,tokens_flat,10,0.6348214285714285,0.7434523809523809,0.275364761482418
60,tokens_flat,5,0.5830357142857143,0.6827380952380953,0.16866509335204682
60,tokens_flat,all,0.6696428571428571,0.8333333333333334,0.3472338059494023
